northboundVersion,apiName,headers,httpMethod,endpoint,jsonBody,southboundVersion,southboundMethod
v1,Request Customer,Session-Id;Virgin-Device-Id;Accept-Version,POST,activation/request_customer,,V1,request_customer
v1,Request Family,Session-Id;Virgin-Device-Id;Accept-Version,POST,activation/request_family,"{ ""number"" : ""example"" }",V1,request_family
v1,resend_esim_qr,Session-Id;Virgin-Device-Id;Accept-Version,POST,activation/resend_esim_qr,"{ ""number"" : ""example"" }",V1,resend_esim_qr
v1,modules,Session-Id;Virgin-Device-Id;Accept-Version,GET,activation/modules,{ },V1,modules
v1,activate,Session-Id;Virgin-Device-Id;Accept-Version,POST,activation/activate,,V1,activate
v1,validate city,Session-Id;Virgin-Device-Id;Accept-Version,,,,V1,validate_city
v1,POST city,Session-Id;Virgin-Device-Id;Accept-Version,,,"{ ""city_id"" : ""example"" }",V1,post_city
v1,activate_family,Session-Id;Virgin-Device-Id;Accept-Version,,,"{ ""number"" : ""example"" }",V1,activate_family
v1,GET vtoken,Session-Id;Virgin-Device-Id;Accept-Version,,,,V1,get_token
v1,POST token,Session-Id;Virgin-Device-Id;Accept-Version,,,"{ ""token"" : ""example"", ""creation_date"" : ""value"" }",V1,post_token
v1,GET SIM,Session-Id;Virgin-Device-Id;Accept-Version,,,,V1,get_sim
v1,POST SIM,Session-Id;Virgin-Device-Id;Accept-Version,,,"{ ""is_esim"" : true, ""imsi"" : ""example"" }",V1,post_sim
v1,Avilable,Session-Id;Virgin-Device-Id;Accept-Version,GET,ads/available,"{ ""number"" : ""example"" }",V1,available
v1,consume,Session-Id;Virgin-Device-Id;Accept-Version,POST,ads/consume,"{ ""number"" : ""example"", ""uid"" : 123 }",V1,consume
v1,Subscribe,Session-Id;Virgin-Device-Id;Accept-Version,POST,advance_credit/request,"{ ""msisdn"" : 1.23 }",V1,subscribe
v1,submit,Session-Id;Virgin-Device-Id;Accept-Version,POST,anonymous_topup/submit,"{ ""number"" : ""example"", ""alias"" : ""example"", ""amount"" : 1.23 }",V1,submit
v1,confirm,Session-Id;Virgin-Device-Id;Accept-Version,POST,anonymous_topup/confirm,"{ ""order_id"" : ""example"", ""status"" : ""example"", ""number"" : ""example"" }",V1,confirm
v1,pay_replace_sim,Session-Id;Virgin-Device-Id;Accept-Version,POST,apple_pay/pay_replace_sim,"{ ""apple_data"" : ""example"", ""apple_signature"" : ""example"", ""apple_transactionId"" : ""example"", ""apple_ephemeralPublicKey"" : ""example"", ""apple_publicKeyHash"" : ""example"", ""apple_displayName"" : ""example"", ""apple_network"" : ""example"", ""apple_type"" : ""example"", ""apple_application_data"" : ""example"", ""payment_operation"" : 123, ""number"" : ""example"" }",V1,pay_replace_sim
v1,apple_pay_topup,Session-Id;Virgin-Device-Id;Accept-Version,POST,apple_pay/pay_esim,"{ ""apple_data"" : ""example"", ""apple_signature"" : ""example"", ""apple_transactionId"" : ""example"", ""apple_ephemeralPublicKey"" : ""example"", ""apple_publicKeyHash"" : ""example"", ""apple_displayName"" : ""example"", ""apple_network"" : ""example"", ""apple_type"" : ""example"", ""apple_application_data"" : ""example"", ""payment_operation"" : 123 }",V1,pay_esim
v1,register_and_pay_apple,Session-Id;Virgin-Device-Id;Accept-Version,POST,apple_pay/register_and_pay_apple,"{ ""apple_data"" : ""example"", ""apple_signature"" : ""example"", ""apple_transactionId"" : ""example"", ""apple_ephemeralPublicKey"" : ""example"", ""apple_publicKeyHash"" : ""example"", ""apple_displayName"" : ""example"", ""apple_network"" : ""example"", ""apple_type"" : ""example"", ""apple_application_data"" : ""example"", ""payment_operation"" : 123 }",V1,register_and_pay_apple
v1,apple_pay_topup,Session-Id;Virgin-Device-Id;Accept-Version,POST,apple_pay/apple_pay_topup,"{ ""apple_data"" : ""example"", ""apple_signature"" : ""example"", ""apple_transactionId"" : ""example"", ""apple_ephemeralPublicKey"" : ""example"", ""apple_publicKeyHash"" : ""example"", ""apple_displayName"" : ""example"", ""apple_network"" : ""example"", ""apple_type"" : ""example"", ""apple_application_data"" : ""example"", ""topup_amount"" : 1.23, ""number"" : ""example"" }",V1,apple_pay_topup
v1,family_checkout,Session-Id;Virgin-Device-Id;Accept-Version,POST,apple_pay/family_checkout,"{ ""apple_data"" : ""example"", ""apple_signature"" : ""example"", ""apple_transactionId"" : ""example"", ""apple_ephemeralPublicKey"" : ""example"", ""apple_publicKeyHash"" : ""example"", ""apple_displayName"" : ""example"", ""apple_network"" : ""example"", ""apple_type"" : ""example"", ""apple_application_data"" : ""example"", ""process"" : ""example"", ""booking_code"" : ""example"" }",V1,family_checkout
v1,pay_extras,Session-Id;Virgin-Device-Id;Accept-Version,POST,apple_pay/pay_extra,"{ ""apple_data"" : ""example"", ""apple_signature"" : ""example"", ""apple_transactionId"" : ""example"", ""apple_ephemeralPublicKey"" : ""example"", ""apple_publicKeyHash"" : ""example"", ""apple_displayName"" : ""example"", ""apple_network"" : ""example"", ""apple_type"" : ""example"", ""apple_application_data"" : ""example"", ""payment_operation"" : 123 }",V1,pay_extras
v1,request_payment_session,Session-Id;Virgin-Device-Id;Accept-Version,POST,apple_pay/request_payment_session,"{ ""merchantI_identifier"" : ""example"", ""display_name"" : ""example"", ""initiative"" : ""example"", ""initiative_context"" : ""example"" }",V1,request_payment_session
v1,request_payment_session,Session-Id;Virgin-Device-Id;Accept-Version,POST,apple_pay/request_payment_session_new,,V1,request_payment_session_new
v1,Submit User Action,Session-Id;Virgin-Device-Id;Accept-Version,,,"{ ""action"" : ""example"" }",V1,submit_user_action
v1,Submit User Rate,Session-Id;Virgin-Device-Id;Accept-Version,,,"{ ""action"" : ""example"", ""user_rate"" : ""example"" }",V1,submit_user_rate
v1,get expiry date,Session-Id;Accept-Version;Virgin-Device-Id,,,"{ ""number"" : ""example"" }",V1,expiry_date
v1,Get Available Boosters for a number,Session-Id;Accept-Version;Virgin-Device-Id,,,"{ ""plan_type"" : ""example"", ""number"" : ""example"" }",V1,get
v1,Get Boosters Statuses,Session-Id;Accept-Version;Virgin-Device-Id,,,"{ ""number"" : ""example"" }",V1,booster_status
v1,Get Recommneded Boosters,Session-Id,,,"{ ""service_type"" : ""example"", ""number"" : ""example"" }",V1,recommended
v1,Get Upselling Booster,Session-Id;Accept-Version;Virgin-Device-Id,,,"{ ""number"" : ""example"" }",V1,upselling
v1,Subscribe to Booster,Session-Id;Accept-Version;Virgin-Device-Id,,,"{ ""plan_id"" : 123 }",V1,subscribe
v1,Get Calls,Session-Id;Virgin-Device-Id;Accept-Version,,,,V1,get_calls
v1,Post Service,Session-Id;Virgin-Device-Id;Accept-Version,,,"{ ""service_type"" : ""example"" }",V1,post_service
v1,Get Services,Session-Id;Virgin-Device-Id;Accept-Version,,,"{ ""number"" : ""example"" }",V1,GetServices
v1,Get Current,Session-Id;Virgin-Device-Id;Accept-Version,,,"{ ""number"" : ""example"" }",V1,Current
v1,Add Subscription,Session-Id;Virgin-Device-Id;Accept-Version,,,"{ ""number"" : ""example"", ""service_id"" : ""example"" }",V1,Subscription_Add
v1,Update Subscription,Session-Id;Virgin-Device-Id;Accept-Version,,,"{ ""number"" : ""example"", ""service_id"" : ""example"" }",V1,Subscription_Put
v1,Patch Subscription2,Session-Id;Virgin-Device-Id;Accept-Version,,,"{ ""number"" : ""example"", ""service_id"" : ""example"", ""action"" : ""example"" }",V1,subscriptionPatch
v1,Delete,Session-Id;Virgin-Device-Id;Accept-Version,,,"{ ""number"" : ""example"", ""service_id"" : ""example"" }",V1,Subscription_Delete
v1,Get Limit Reached2,Session-Id;Virgin-Device-Id;Accept-Version,,,,V1,get_call_history
v1,Get Limit Reached,Session-Id;Virgin-Device-Id;Accept-Version,,,,V1,get_limits
v1,Submit Service,Session-Id;Virgin-Device-Id;Accept-Version,,,"{ ""destionation_number"" : ""example"" }",V1,post_call
v1,List,Session-Id;Virgin-Device-Id;Accept-Version,,,{ },V1,details
v1,Set Status,Session-Id;Virgin-Device-Id;Accept-Version,,,"{ ""number"" : ""example"" }",V1,setStatus
v1,Remove Status,Session-Id;Virgin-Device-Id;Accept-Version,,,"{ ""number"" : ""example"" }",V1,deleteStatus
v1,Request Chat Session,Session-Id;Virgin-Device-Id;Accept-Version,,,"{ ""nickname"" : ""example"", ""firstname"" : ""example"", ""lastname"" : ""example"", ""subject"" : ""example"", ""email"" : ""example"" }",V1,create_chat_session
v1,Track/GET Chat Session,Session-Id;Virgin-Device-Id;Accept-Version,,,"{ ""user_id"" : ""example"", ""secure_key"" : ""example"", ""alias"" : ""example"", ""chat_id"" : ""example"", ""transcript_position"" : 123 }",V1,track_chat_session
v1,Delete Chat Session,Session-Id;Virgin-Device-Id;Accept-Version,,,"{ ""user_id"" : ""example"", ""secure_key"" : ""example"", ""alias"" : ""example"", ""chat_id"" : ""example"" }",V1,delete_chat_session
v1,citc_plan_card,Virgin-Lang,,,,,
v1,citc_plan_card,Virgin-Lang,,,"{ ""plan_ids"" : ""example"", ""type"" : ""example"" }",,
v1,Get CITC cards by type,Virgin-Lang,,,"{ ""type"" : ""example"" }",,
v1,Get Terms and Conditions URL,Virgin-Lang,,,,,
v1,Get Welcome Slides,Virgin-Lang,,,,,
v1,Get Dashboard Slides,Virgin-Lang,,,,,
v1,Get Plans And Pricing Table,Virgin-Lang,,,,V1,get_plans_and_pricing_table
v1,Send Direct link,,,,"{ ""number"" : ""example"" }",V1,send_direct_link
v1,Get Social Media Links,Virgin-Lang,,,,,
v1,categories,Session-Id;Virgin-Device-Id;Accept-Version,GET,complaints/categories,,V1,categories
v1,request otp,Session-Id;Virgin-Device-Id;Accept-Version,POST,complaints/request_otp,"{ ""number"" : ""example"" }",V1,request_otp
v1,verify otp,Session-Id;Virgin-Device-Id;Accept-Version,POST,complaints/verify_otp,"{ ""number"" : ""example"", ""otp"" : ""example"" }",V1,verify_otp
v1,Submit,Session-Id;Virgin-Device-Id;Accept-Version,POST,complaints/submit,"{ ""number"" : ""example"", ""summary"" : ""example"", ""description"" : ""example"", ""ticket_category"" : ""example"", ""ticket_subcategory"" : ""example"", ""otp"" : ""example"", ""contact_number"" : ""example"" }",V1,submit
v1,Config,Virgin-Api-Version;Virgin-Device-Os;Virgin-Brand,,,,,read
v1,Get list of countries,Session-Id;Virgin-Device-Id,,,{ },V1,index
v1,Get list of Zones,Session-Id;Virgin-Device-Id,,,{ },V1,zones
v1,Get international roaming countries,Session-Id,,,{ },V1,inter_countries
v1,Get Rates per country,Session-Id;Virgin-Device-Id,,,,V1,rates
v1,Remove CC,Session-Id;Virgin-Device-Id;Accept-Version,,,,V1,remove_cc
v1,Check CC Eligibility,Session-Id;Virgin-Device-Id,,,"{ ""alias"" : ""example"", ""fort_callback_response_url"" : ""example"" }",V1,is_eligible
v1,Register a new CC card,Session-Id;Virgin-Device-Id;Accept-Version,,,"{ ""alias"" : ""example"" }",V1,register_alias
v1,Confirm 3d secure Transaction,Session-Id;Virgin-Device-Id,POST,credit_cards/confirm_3d_secure,"{ ""order_id"" : ""example"", ""status"" : ""example"" }",V1,confirm_commit_reservation
v1,Retry payment,Session-Id;Virgin-Device-Id,POST,credit_cards/retry,"{ ""number"" : ""example"" }",V1,retry
v1,Skip Credit Card,Session-Id;Virgin-Device-Id;Accept-Version,POST,credit_cards/skip,,V1,skip
v1,Skip Credit Card,Session-Id;Virgin-Device-Id;Accept-Version,POST,credit_cards/skip,,V1,skip
v1,Knetonboarding,Session-Id;Virgin-Device-Id;Accept-Version,,,,V1,knet_onboarding
v1,PayOnboarding,Session-Id;Virgin-Device-Id;Accept-Version,,,"{ ""alias"" : ""example"", ""customer_name"" : ""example"", ""cvv"" : ""example"" }",V1,pay_onboarding
v1,Check CC Eligibility,Session-Id;Virgin-Device-Id;Accept-Version,,,"{ ""alias_"" : ""example"", ""card_number"" : ""example"", ""expiry_date"" : ""example"" }",V1,is_eligible_kw
v1,Get Credit Limit Details,Session-Id;Virgin-Device-Id;Accept-Version,,,"{ ""number"" : ""example"" }",V1,get_credit_limit_details
v1,Increse Credit Limit with Saved payment method,Session-Id;Virgin-Device-Id;Accept-Version,,,"{ ""number"" : ""example"", ""amount"" : 1.23, ""payment_method_id"" : 123 }",V1,increase_credit_limit
v1,Increse Credit Limit with new card,Session-Id;Virgin-Device-Id;Accept-Version,,,"{ ""number"" : ""example"", ""amount"" : 1.23, ""customer_name"" : ""example"" }",V1,increase_credit_limit_with_card
v1,Increse Credit Limit with Apple Pay,Session-Id;Virgin-Device-Id;Accept-Version,,,"{ ""apple_data"" : ""example"", ""apple_signature"" : ""example"", ""apple_transactionId"" : ""example"", ""apple_ephemeralPublicKey"" : ""example"", ""apple_publicKeyHash"" : ""example"", ""apple_displayName"" : ""example"", ""apple_network"" : ""example"", ""apple_type"" : ""example"", ""apple_application_data"" : ""example"", ""number"" : ""example"", ""amount"" : 1.23 }",V1,increase_credit_limit_with_apple_pay
v1,Increse Credit Limit confirmation,Session-Id;Virgin-Device-Id;Accept-Version,,,"{ ""order_id"" : ""example"", ""status"" : ""example"" }",V1,confirm_credit_limit_increase
v1,Request Credit Transfer,Session-Id;Virgin-Device-Id;Accept-Version,POST,credit_transfer/request,"{ ""amount"" : 1.23, ""transfer_to"" : ""example"" }",V1,request_credit_transfer
v1,Request Credit Transfer,Session-Id;Virgin-Device-Id;Accept-Version,POST,credit_transfer/confirm,"{ ""amount"" : 1.23, ""transfer_to"" : ""example"", ""code"" : ""example"" }",V1,submit_credit_transfer
v1,Get Numbers,Session-Id;Virgin-Device-Id;Accept-Version,GET,customer/numbers,,V1,numbers
v1,Is Digital Offer,Session-Id;Virgin-Device-Id;Accept-Version,,,"{ ""number"" : ""example"" }",V1,isDigitalOffer
v1,Migration Product Code,Session-Id;Virgin-Device-Id;Accept-Version,,,"{ ""number"" : ""example"" }",V1,MigrationProductCode
v1,Customer Language,Session-Id;Virgin-Device-Id;Accept-Version,,,"{ ""lang"" : ""example"" }",V1,update_language
v1,Get Customer Preference,Session-Id;Virgin-Device-Id;Accept-Version,,,"{ ""number"" : ""example"" }",V1,get_customer_preference
v1,Update Preference,Session-Id;Virgin-Device-Id;Accept-Version,,,"{ ""number"" : ""example"", ""consent_type"" : ""example"", ""status"" : true }",V1,post_customer_preference
v1,offers,Session-Id;Virgin-Device-Id;Accept-Version,GET,cvm/offers,"{ ""number"" : ""example"" }",V1,offers
v1,offers Provision,Session-Id;Virgin-Device-Id;Accept-Version,GET,cvm/offersProvision,"{ ""number"" : ""example"", ""offerId"" : ""example"" }",V1,offers_provision
v1,denominations,Session-Id;Virgin-Device-Id;Accept-Version,GET,data_transfer/denominations,"{ ""number"" : ""example"" }",V1,denominations
v1,history,Session-Id;Virgin-Device-Id;Accept-Version,GET,data_transfer/history,"{ ""number"" : ""example"" }",V1,history
v1,validate destination,Session-Id;Virgin-Device-Id;Accept-Version,POST,data_transfer/validate_destination,"{ ""number"" : ""example"" }",V1,validate_destination
v1,Submit Data Transfer,Session-Id;Virgin-Device-Id;Accept-Version,POST,data_transfer/submit,"{ ""number"" : ""example"", ""destination_number"" : ""example"", ""transfer_denomination_id"" : 123 }",V1,submit_data_transfer_destination
v1,Reasons,Session-Id;Virgin-Device-Id;Accept-Version,,,,V1,reasons
v1,Request OTP,Session-Id;Virgin-Device-Id;Accept-Version,,,"{ ""number"" : ""example"", ""reason_id"" : ""example"" }",V1,request_otp
v1,confrim,Session-Id;Virgin-Device-Id;Accept-Version,,,"{ ""number"" : ""example"", ""otp"" : ""example"", ""reason_id"" : ""example"" }",V1,confirm
v1,Request OTP For Web,Session-Id;Virgin-Device-Id;Accept-Version,,,"{ ""number"" : ""example"", ""reason_id"" : ""example"", ""id_number"" : ""example"", ""id_type"" : ""example"" }",V1,RequestOTPForWeb
v1,Postpaid Reasons,Session-Id;Virgin-Device-Id;Accept-Version,,,,V1,PostpaidReasons
v1,Suspend Postpaid Line,Session-Id;Virgin-Device-Id;Accept-Version,,,"{ ""number"" : ""example"", ""reason"" : ""example"" }",V1,SuspendPostPaid
v1,Reconnect Postpaid Line,Session-Id;Virgin-Device-Id;Accept-Version,,,"{ ""number"" : ""example"" }",V1,ReconnectPostPaid
v1,create_postpaid_termination_ticket,Session-Id;Virgin-Device-Id;Accept-Version,,,"{ ""iban"" : ""example"", ""reason"" : ""example"" }",V1,PostPaidTerminationTicket
v1,check_number_type,Session-Id;Virgin-Device-Id;Accept-Version,,,"{ ""number"" : ""example"" }",V1,CheckMSISDNType
v1,Get Delivery,Session-Id;Virgin-Device-Id;Accept-Version,,,{ },V1,get
v1,Cancel Delivery,Session-Id;Virgin-Device-Id;Accept-Version,,,"{ ""reason"" : ""example"" }",V1,destroy
v1,cancel delivery,Session-Id;Virgin-Device-Id;Accept-Version,,,"{ ""reason"" : ""example"", ""cvv"" : ""example"" }",V1,delivery_cancel
v1,Get SIM Tracking,Session-Id;Virgin-Device-Id;Accept-Version,,,{ },V1,sim_tracking
v1,Request Delivery,Session-Id;Virgin-Device-Id;Accept-Version,,,"{ ""number"" : ""example"", ""lat"" : 1.23, ""lng"" : 1.23, ""customer_name"" : ""example"", ""has_sim"" : true }",V1,create
v1,ETA for Delivery,Session-Id;Virgin-Device-Id;Accept-Version,,,"{ ""lat"" : 1.23, ""lng"" : 1.23 }",V1,eta
v1,cancellation reasons,,,,{ },V1,cancellation_reasons
v1,Register or update device.,Session-Id;Virgin-Device-Id,,,"{ ""token"" : ""example"" }",V1,register_device
v1,request otp,Session-Id;Virgin-Device-Id;Accept-Version,POST,eauction/request_otp,"{ ""number"" : ""example"", ""email"" : ""example"" }",V1,request_otp
v1,verify otp,Session-Id;Virgin-Device-Id;Accept-Version,POST,eauction/verify_otp,"{ ""number"" : ""example"", ""email"" : ""example"", ""otp"" : ""example"" }",V1,verify_otp
v1,Request email validation code,Session-Id;Virgin-Device-Id;Accept-Version,GET,eligibility/type,,V1,eligibility_type
v1,available_nationalities,Session-Id;Virgin-Device-Id;Accept-Version,GET,eligibility/available_nationalities,{ },V1,available_nationalities
v1,available_saudi_cities,Session-Id;Virgin-Device-Id;Accept-Version,GET,eligibility/available_saudi_cities,,V1,available_saudi_cities
v1,CheckEligibility,Session-Id;Virgin-Device-Id;Accept-Version,POST,eligibility/check_eligibility,"{ ""id_type"" : ""example"", ""id_number"" : ""example"", ""nationality_id"" : ""example"", ""city_id"" : ""example"" }",V1,check_eligibility
v1,CheckEligibility,Session-Id;Virgin-Device-Id;Accept-Version,GET,eligibility/check_eligibility,,V1,get_check_eligibility
v1,IsEligibleForPostpaid,Session-Id;Virgin-Device-Id;Accept-Version,POST,eligibility/is_eligible_for_postpaid,{ },V1,is_eligible_for_postpaid
v1,CheckEligibility,Session-Id;Virgin-Device-Id;Accept-Version,POST,eligibility/is_absher_eligible,,V1,is_absher_eligible
v1,Request email validation code,Session-Id;Virgin-Device-Id;Accept-Version,POST,email/request_validation,"{ ""email"" : ""example"" }",V1,send_verification_email
v1,Validate Email,Session-Id;Virgin-Device-Id;Accept-Version,POST,email/validate_email,"{ ""email"" : ""example"" }",V1,validate_email
v1,****[DEPREICATED] use /password/validate_verification_code Validate email,Session-Id;Virgin-Device-Id;Accept-Version,POST,email/validate,"{ ""email"" : ""example"", ""code"" : ""example"" }",V1,validate
v1,Request email update,Session-Id;Virgin-Device-Id;Accept-Version,POST,email/request_update,"{ ""new_email"" : ""example"" }",V1,request_update
v1,Confirm Update Email,Session-Id;Virgin-Device-Id;Accept-Version,POST,email/validate_update,"{ ""code"" : ""example"", ""new_email"" : ""example"" }",V1,validate_update
v1,update_using_password,Session-Id;Virgin-Device-Id;Accept-Version,POST,email/update_using_password,"{ ""password"" : ""example"", ""new_email"" : ""example"" }",V1,update_using_password
v1,Get Available Extras,Session-Id;Virgin-Device-Id;Accept-Version,,,,V1,list_extras
v1,Get Current Selected Extras,Session-Id;Virgin-Device-Id;Accept-Version,,,,V1,list_selection
v1,Select Extra,Session-Id;Virgin-Device-Id;Accept-Version,,,"{ ""extras"" : ""example"" }",V1,select_extra
v1,Summary,Session-Id;Virgin-Device-Id;Accept-Version,,,,V1,extras_summary
v1,Payment,Session-Id;Virgin-Device-Id;Accept-Version,,,"{ ""cvv"" : ""example"" }",V1,pay
v1,Delete Extra,Session-Id;Virgin-Device-Id;Accept-Version,,,"{ ""extras"" : ""example"" }",V1,delete_extra
v1,change_email ,Session-Id;Virgin-Device-Id;Accept-Version,POST,family/change_email,"{ ""new_email"" : ""example"", ""number"" : ""example"", ""is_main"" : true }",V1,change_email
v1,change_number ,Session-Id;Virgin-Device-Id;Accept-Version,POST,family/change_number,"{ ""old_number"" : ""example"", ""new_number"" : ""example"" }",V1,change_number
v1,Get Cart,Session-Id;Virgin-Device-Id;Accept-Version,GET,family/cart,,V1,get_cart
v1,Request topup,Session-Id;Virgin-Device-Id;Accept-Version,POST,family/request_topup,"{ ""number"" : ""example"", ""amount"" : 123 }",V1,request_topup
v1,Send OTP,Session-Id;Virgin-Device-Id;Accept-Version,POST,family/send_otp,{ },V1,send_otp
v1,Validate OTP,Session-Id;Virgin-Device-Id;Accept-Version,POST,family/validate_otp,"{ ""otp"" : ""example"" }",V1,validate_otp
v1,Register,Session-Id;Virgin-Device-Id;Accept-Version,POST,family/register,"{ ""email"" : ""example"", ""number"" : ""example"" }",V1,register
v1,Pending reservations,Session-Id;Virgin-Device-Id;Accept-Version,,,"{ ""process"" : ""example"" }",V2,pending_reservations
v1,Get Attached Sim,Session-Id;Virgin-Device-Id;Accept-Version,,,"{ ""number"" : ""example"" }",V2,get_attach_sim
v1,Create Attached Sim,Session-Id;Virgin-Device-Id;Accept-Version,,,"{ ""number"" : ""example"", ""imsi"" : ""example"" }",V2,post_attach_sim
v1,Get Ranges,Session-Id;Virgin-Device-Id;Accept-Version,GET,family/age_ranges,,V1,age_ranges
v1,Set Age Range,Session-Id;Virgin-Device-Id;Accept-Version,,,"{ ""age_rang_id"" : ""example"", ""tag_name"" : ""example"" }",V1,set_age_range
v1,save_selected_plan,Session-Id;Virgin-Device-Id;Accept-Version,,,"{ ""selected_subscription_type_ids"" : ""example"" }",V1,save_selected_plan
v1,Offers List,Session-Id;Virgin-Device-Id;Accept-Version,,,{ },V1,offers_list
v1,Offer Apply,Session-Id;Virgin-Device-Id;Accept-Version,,,"{ ""promotion_id"" : ""example"" }",V1,offer_apply
v1,Offer Remove,Session-Id;Virgin-Device-Id;Accept-Version,,,"{ ""promotion_id"" : ""example"" }",V1,offer_remove
v1,onboarding,Session-Id;Virgin-Device-Id;Accept-Version,,,"{ ""selected_subscription_type_ids"" : ""example"", ""promotion_codes"" : ""example"" }",V1,onboarding
v1,Initial Reservation,Session-Id;Virgin-Device-Id;Accept-Version,,,"{ ""number"" : ""example"", ""email"" : ""example"" }",V1,initial_reservation
v1,Remove Family Booking,Session-Id;Virgin-Device-Id;Accept-Version,,,"{ ""number"" : ""example"" }",V1,remove_booking
v1,Set Primary,Session-Id;Virgin-Device-Id;Accept-Version,,,"{ ""number"" : ""example"" }",V1,set_primary
v1,Set Tag,Session-Id;Virgin-Device-Id;Accept-Version,POST,family/commit_number,"{ ""number"" : ""example"", ""email"" : ""example"", ""tag"" : ""example"" }",V1,update_tag
v1,[Deprecated] Use `POST /family/payments (V8)` with Family process param instead,Session-Id;Virgin-Device-Id;Accept-Version,,,"{ ""number"" : ""example"", ""cvv"" : ""example"", ""booking_code"" : ""example"" }",V1,pay
v1,Commit Number and Confirm 3D secure,Session-Id;Virgin-Device-Id;Accept-Version,,,"{ ""order_id"" : ""example"", ""status"" : ""example"", ""booking_code"" : ""example"" }",V1,confirm
v1,oneoff onboarding for family,Session-Id;Virgin-Device-Id;Accept-Version,,,"{ ""number"" : ""example"", ""amount"" : ""example"" }",V1,one_time
v1,Get Article or Topic by slug,Session-Id,,,"{ ""slug"" : ""example"" }",V1,
v1,Get suggested and popular articles,Session-Id,,,{ },V1,
v1,Grouped search,Session-Id,,,"{ ""query"" : ""example"" }",V1,
v1,Post a feedback,Session-Id;Virgin-Device-Id,,,"{ ""message"" : ""example"", ""phone_code"" : ""example"" }",V1,submit_ticket
v1,Post NPS feedback,,,,"{ ""comment"" : ""example"", ""rating"" : ""example"" }",V1,submit_rating
v1,Get the Topics,Session-Id,,,{ },V1,
v1,Get a topic by ID,Session-Id,,,{ },V1,
v1,Search for an article,Session-Id,,,"{ ""query"" : ""example"" }",V1,
v1,Get an Article,,,,"{ ""id"" : ""example"" }",V1,
v1,Check if there is a major app update,Virgin-Api-Version;Virgin-Device-Os,,,,,
v1,Lookups,Session-Id;Virgin-Device-Id;Accept-Version,,,{ },V1,Lookups
v1,Check Customer With OTP,Session-Id;Virgin-Device-Id;Accept-Version,,,"{ ""number"" : ""example"" }",V1,CheckCustomerWithOTP
v1,Report Fraud,Session-Id;Virgin-Device-Id;Accept-Version,,,"{ ""ReportingMSISDN"" : ""example"", ""ReportedMSISDN"" : ""example"", ""UserName"" : ""example"", ""FraudRequestTypeID"" : 123, ""Notes"" : ""example"", ""OTP"" : ""example"" }",V1,InsertFraud
v1,friend request,Session-Id;Virgin-Device-Id;Accept-Version,,,"{ ""number"" : ""example"" }",V1,friend_request
v1,confirm_with_data_share ,Session-Id;Virgin-Device-Id;Accept-Version,,,"{ ""number"" : ""example"" }",V1,confirm_with_data_share
v1,Delete Friend ,Session-Id;Virgin-Device-Id;Accept-Version,,,"{ ""number"" : ""example"" }",V1,delete_friend
v1,Get Game Page info,Session-Id;Virgin-Device-Id;Accept-Version,GET,gamification/game_information,"{ ""number"" : ""example"" }",V1,get_game_info
v1,get wp prize history url,Session-Id;Virgin-Device-Id;Accept-Version,GET,gamification/get_wp_prize_history_url,"{ ""number"" : ""example"" }",V1,getWPPrizeHistoryUrl
v1,Get TWT eligibility,Session-Id;Virgin-Device-Id;Accept-Version,GET,gamification/twt_eligibility,"{ ""number"" : ""example"" }",V1,get_twt_eligibility
v1,Signup,Virgin-Brand,,,"{ ""graph_id"" : ""example"" }",,read
v1,[DEPRECATED] demo_theme,,,,,,
v1,theme,Virgin-Brand,,,,,read
v1,usage_summary_download,Session-Id;Virgin-Device-Id;Accept-Version,GET,history/usage_summary_download,"{ ""number"" : ""example"" }",V1,usage_summary_download
v1,Usage Summary,Session-Id;Virgin-Device-Id;Accept-Version,GET,history/usage_summary,"{ ""number"" : ""example"" }",V1,usage_summary
v1,Verify Email Call Back,Session-Id;Virgin-Device-Id;Accept-Version,GET,history/email_verify_callback,"{ ""email"" : ""example"" }",V1,email_verify_callback
v1,rewards,Session-Id;Virgin-Device-Id;Accept-Version,,,"{ ""number"" : ""example"" }",V1,reward_history
v1,Usage,Session-Id;Virgin-Device-Id;Accept-Version,GET,history/usage,"{ ""plan_types"" : ""example"", ""number"" : ""example"", ""filter_id"" : ""example"" }",V1,usage_history_summary
v1,Usage,Session-Id;Virgin-Device-Id;Accept-Version,GET,history/usage_details,"{ ""plan_types"" : ""example"", ""number"" : ""example"", ""filter_id"" : ""example"" }",V1,usage_history_summary_details
v1,Usage,Session-Id;Virgin-Device-Id;Accept-Version,GET,history/usage_daily,"{ ""plan_types"" : ""example"", ""number"" : ""example"", ""filter_id"" : ""example"" }",V1,usage_history_summary_daily
v1,Transactons,Session-Id;Virgin-Device-Id;Accept-Version,,,"{ ""number"" : ""example"", ""from"" : 123, ""to"" : 123 }",V1,payment_history
v1,Spending,Session-Id;Virgin-Device-Id;Accept-Version,,,"{ ""number"" : ""example"", ""from"" : 123, ""to"" : 123 }",V1,spending_payment_history
v1,PDF,Session-Id;Virgin-Device-Id;Accept-Version,,,"{ ""number"" : ""example"", ""from"" : 123, ""to"" : 123 }",V1,payment_history_pdf
v1,Delete All,Session-Id;Accept-Version;Virgin-Device-Id,,,,V1,delete_all
v1,Get messages,Session-Id;Virgin-Device-Id;Accept-Version,,,,V1,get_messages
v1,Delete message,Session-Id;Virgin-Device-Id;Accept-Version,,,"{ ""message_id"" : 123 }",V1,remove_message
v1,predefined,Session-Id;Accept-Version;Virgin-Device-Id,,,"{ ""process"" : ""example"", ""product_code"" : ""example"" }",V1,predefined
v1,CountriesHistory,Session-Id;Accept-Version;Virgin-Device-Id,,,"{ ""process"" : ""example"" }",V1,countries_history
v1,all_countries_rate,Session-Id;Accept-Version;Virgin-Device-Id,,,{ },V1,all_countries_rate
v1,subscription,Session-Id;Virgin-Device-Id;Accept-Version,POST,international/subscription,"{ ""pack_code"" : ""example"", ""country_iso3"" : ""example"" }",V1,subscription
v1,available,Session-Id;Accept-Version;Virgin-Device-Id,,,"{ ""process"" : ""example"", ""product_code"" : ""example"", ""country_code"" : ""example"" }",V1,available
v1,denominations,Session-Id;Virgin-Device-Id;Accept-Version,,,"{ ""number"" : ""example"" }",V1,denominations
v1,request_otp,Session-Id;Virgin-Device-Id;Accept-Version,,,{ },V1,request_otp
v1,submit,Session-Id;Virgin-Device-Id;Accept-Version,,,{ },V1,submit
v1,d3 micro-services,,,,,,
v1,internal Api duration,,,,,,
v1,get_dashboard_data,Session-Id;Virgin-Device-Id;Accept-Version;Userip;Channelid;Loginid;Sectokn,,,"{ ""number"" : ""example"", ""api_key"" : ""example"" }",V1,get_dashboard_data
v1,get_voucher_list,Session-Id;Virgin-Device-Id;Accept-Version,,,"{ ""number"" : ""example"", ""api_key"" : ""example"" }",V1,get_voucher_ist
v1,total_savings,Session-Id;Virgin-Device-Id;Accept-Version,,,"{ ""number"" : ""example"", ""api_key"" : ""example"" }",V1,total_savings
v1,save_feedback,Session-Id;Virgin-Device-Id;Accept-Version,,,"{ ""number"" : ""example"", ""feedback_content"" : ""example"", ""api_key"" : ""example"" }",V1,save_feedback
v1,add_to_favorite,Session-Id;Virgin-Device-Id;Accept-Version,,,"{ ""number"" : ""example"", ""offer_id"" : ""example"", ""fav_status"" : ""example"", ""api_key"" : ""example"" }",V1,add_to_favorite
v1,get_offers,Session-Id;Virgin-Device-Id;Accept-Version,,,"{ ""number"" : ""example"", ""api_key"" : ""example"", ""category_id"" : ""example"" }",V1,get_offers
v1,get_category_Offer_details,Session-Id;Virgin-Device-Id;Accept-Version,,,"{ ""number"" : ""example"", ""offer_id"" : ""example"", ""api_key"" : ""example"" }",V1,get_category_Offer_details
v1,get_favourite_offer,Session-Id;Virgin-Device-Id;Accept-Version,,,"{ ""number"" : ""example"", ""api_key"" : ""example"" }",V1,get_favourite_offer
v1,get_near_by_offers,Session-Id;Virgin-Device-Id;Accept-Version,,,"{ ""number"" : ""example"", ""latitude"" : ""example"", ""longitude"" : ""example"", ""api_key"" : ""example"" }",V1,get_near_by_offers
v1,search_offers,Session-Id;Virgin-Device-Id;Accept-Version,,,"{ ""number"" : ""example"", ""search_key"" : ""example"", ""api_key"" : ""example"" }",V1,search_offers
v1,get_app_voucher,Session-Id;Virgin-Device-Id;Accept-Version,,,"{ ""number"" : ""example"", ""offer_id"" : ""example"", ""api_key"" : ""example"" }",V1,get_app_voucher
v1,add_review_rating,Session-Id;Virgin-Device-Id;Accept-Version,,,"{ ""number"" : ""example"", ""offer_id"" : ""example"", ""rating"" : ""example"", ""review"" : ""example"", ""api_key"" : ""example"" }",V1,add_review_rating
v1,app_voucher_redeem,Session-Id;Virgin-Device-Id;Accept-Version,,,"{ ""number"" : ""example"", ""offer_id"" : ""example"", ""coupon_code"" : ""example"", ""api_key"" : ""example"" }",V1,app_voucher_redeem
v1,get Saved Voucher,Session-Id;Virgin-Device-Id;Accept-Version,,,"{ ""number"" : ""example"", ""api_key"" : ""example"" }",V1,get_saved_voucher
v1,what_is_my_ip,,,,,V1,
v1,Business Configuration,Virgin-Api-Version;Virgin-Device-Os,GET,me/business_configuration,,V1,business_configuration
v1,current timestamp,,GET,me/current_timestamp,,V1,current_billing_month
v1,Current Balance,Session-Id;Virgin-Device-Id;Accept-Version,GET,me/current_balance,"{ ""number"" : ""example"" }",V1,current_balance
v1,line validity status,Session-Id;Accept-Version;Virgin-Device-Id,,,"{ ""number"" : ""example"" }",V1,LineValidityStatus
v1,Recharge By Voucher,Session-Id;Virgin-Device-Id;Accept-Version,POST,me/recharge_by_voucher,"{ ""number"" : ""example"", ""code"" : ""example"" }",V1,recharge_by_voucher
v1,[Deprecated] Recharge Current Balance,Session-Id,POST,me/recharge,"{ ""number"" : ""example"", ""amount"" : 123 }",V1,recharge_account
v1,Spending Limit,Session-Id,GET,me/spending_limit,"{ ""number"" : ""example"" }",V1,spending_limit
v1,Set Spending Limit,Session-Id,POST,me/spending_limit,"{ ""number"" : ""example"", ""value"" : ""example"" }",V1,set_spending_limit
v1,[Deprecated] Get Auto Recharge Details,Session-Id;Accept-Version,GET,me/auto_recharge,"{ ""number"" : ""example"" }",V1,auto_recharge
v1,[Depreacted] Set Auto Recharge Details,Session-Id,POST,me/auto_recharge,"{ ""number"" : ""example"", ""minimum_recharge_balance"" : ""example"", ""amount"" : ""example"", ""ask_me"" : true }",V1,set_auto_recharge
v1,Credit Cards,Session-Id;Virgin-Device-Id;Accept-Version,GET,me/credit_card,,V1,credit_card
v1,[Depreacted] -- Summary:,Session-Id;Virgin-Device-Id;Accept-Version,GET,me/summary,"{ ""number"" : ""example"" }",V1,
v1,spendings,Session-Id,GET,me/spendings,"{ ""number"" : ""example"", ""from"" : ""example"", ""to"" : ""example"" }",V1,spending
v1,payment_history,Session-Id;Accept-Version,GET,me/payment_history,"{ ""number"" : ""example"", ""from"" : 123, ""to"" : 123 }",V1,payment_history
v1,Change the number,Session-Id,POST,me/change_number,"{ ""old_number"" : ""example"", ""new_number"" : ""example"" }",V1,change_number
v1,Get Change the number fees,Session-Id,GET,me/change_number,,V1,change_number_fees
v1,Get Predfined bundles,Session-Id;Virgin-Device-Id;Accept-Version,GET,me/predfined_bundles,{ },V1,predfined_bundles
v1,Subscribe to Predfined bundles,Session-Id,POST,me/predfined_bundles,"{ ""number"" : ""example"", ""bundle_id"" : ""example"" }",V1,subscribe_predfined_bundles
v1,home,Session-Id,GET,me/home,{ },V1,
v1,"[Deprecated: Use ""OCR"" instead]Verification Details",Session-Id,POST,me/verification_details,"{ ""first_name"" : ""example"", ""sur_name"" : ""example"", ""date_of_birth"" : ""value"", ""nationality"" : ""example"" }",V1,save_verification_details
v1,Save OCR details,Session-Id,POST,me/ocr,"{ ""first_name"" : ""example"", ""sur_name"" : ""example"", ""date_of_birth"" : ""value"", ""nationality"" : ""example"" }",V1,flow_status
v1,Update MNP OCR details,Session-Id,POST,me/mnp_ocr,"{ ""first_name"" : ""example"", ""sur_name"" : ""example"", ""date_of_birth"" : ""value"", ""nationality"" : ""example"" }",V1,mnp_ocr
v1,Save Signature,Session-Id,POST,me/save_signature,"{ ""document"" : ""example"", ""number"" : ""example"" }",V1,save_signature
v1,flow status,Session-Id;Virgin-Device-Id,GET,me/flow_status,,V1,flow_status
v1,SET flow status,Session-Id;Virgin-Device-Id;Accept-Version,POST,me/flow_status,"{ ""key"" : ""example"", ""value"" : true }",V1,set_flow_status
v1,is Activated: Same as /sim/is_activated,Session-Id;Virgin-Device-Id;Accept-Version,GET,me/is_activated,"{ ""booking_code"" : ""example"" }",V1,is_activated
v1,activation readiness,Session-Id,GET,me/is_activation_ready,,V1,is_activation_ready
v1,is Verified,Session-Id;Virgin-Device-Id;Accept-Version,GET,me/is_verified,,V1,is_verified
v1,Get Scheduled Actions,Session-Id;Virgin-Device-Id,GET,me/scheduled_actions,,V1,scheduled_actions
v1,Preferences,Session-Id;Virgin-Device-Id,GET,me/preferences,"{ ""number"" : ""example"" }",V1,get_preferences
v1,SET Preferences,Session-Id;Virgin-Device-Id,POST,me/preferences,"{ ""number"" : ""example"", ""preferences"" : ""example"" }",V1,post_preferences
v1,SET NPS,Session-Id;Virgin-Device-Id,POST,me/nps,"{ ""rating"" : 123, ""comment"" : ""example"" }",V1,nps
v1,usage [Depricated]: Please use /history/usage,Session-Id;Virgin-Device-Id;Accept-Version,GET,me/usage,"{ ""plan_types"" : ""example"", ""number"" : ""example"", ""filter_id"" : ""example"" }",V1,usage_history_summary
v1,submit_sim_request,Session-Id;Virgin-Device-Id;Accept-Version,POST,me/submit_sim_request,"{ ""fullname"" : ""example"", ""number"" : ""example"", ""email"" : ""example"", ""address"" : ""example"" }",V1,submit_sim_request
v1,submit_customer_contact,Session-Id;Virgin-Device-Id;Accept-Version,POST,me/submit_customer_contact,"{ ""name"" : ""example"", ""contact_number"" : ""example"" }",V1,submit_customer_contact
v1,Summary,Session-Id;Virgin-Device-Id;Accept-Version,,,"{ ""page"" : 123, ""page_count"" : 123 }",V1,message_center_summary
v1,message,Session-Id;Virgin-Device-Id;Accept-Version,,,"{ ""message_id"" : 123 }",V1,message_center_message
v1,message,Session-Id;Virgin-Device-Id;Accept-Version,,,"{ ""message_ids"" : ""example"" }",V1,message_center_delete_messages
v1,Code Details,Session-Id;Virgin-Device-Id;Accept-Version,,,"{ ""number"" : ""example"" }",V1,codeDetails
v1,Recent Refeerees,Session-Id;Virgin-Device-Id;Accept-Version,,,"{ ""number"" : ""example"" }",V1,recentReferees
v1,Check,Session-Id;Virgin-Device-Id;Accept-Version,,,{ },V1,check
v1,Promotions,Session-Id;Virgin-Device-Id;Accept-Version,,,{ },V1,promotions
v1,Apple Code,Session-Id;Virgin-Device-Id;Accept-Version,,,"{ ""number"" : ""example"", ""code"" : ""example"" }",V1,code
v1,cancel,Session-Id;Virgin-Device-Id;Accept-Version,,,"{ ""number"" : ""example"" }",V1,cancel_mnp
v1,available_operators,Session-Id;Virgin-Device-Id;Accept-Version,,,,V1,available_operators
v1,otp,Session-Id;Virgin-Device-Id;Accept-Version,,,"{ ""number"" : ""example"" }",V1,otp
v1,CheckStatus,Session-Id;Virgin-Device-Id;Accept-Version,,,"{ ""number"" : ""example"" }",V1,check_status
v1,Submit Request,Session-Id;Virgin-Device-Id;Accept-Version,,,"{ ""otp"" : ""example"", ""operator_id"" : 123, ""contact_number"" : ""example"", ""mnp_number"" : ""example"" }",V1,submit_request
v1,ReSubmit Request,Session-Id;Virgin-Device-Id;Accept-Version,,,"{ ""number"" : ""example"", ""email"" : ""example"", ""process"" : ""example"" }",V1,resubmit_request
v1,acknowledge_request_status,Session-Id;Virgin-Device-Id;Accept-Version,,,"{ ""number"" : ""example"" }",V1,acknowledge_request_status
v1,MNP Outstanding,Session-Id;Virgin-Device-Id;Accept-Version,,,"{ ""number"" : ""example"", ""otp"" : ""example"" }",V1,mnp_outstanding
v1,Number Details,Session-Id;Virgin-Device-Id;Accept-Version,,,"{ ""number"" : ""example"" }",V1,number_details
v1,Deliver iOS notification,,,,"{ ""token"" : ""example"", ""message"" : ""example"", ""topic_id"" : 123, ""topic_type"" : 123 }",V1,
v1,Deliver Android notification,,,,"{ ""token"" : ""example"", ""message"" : ""example"", ""topic_id"" : 123, ""topic_type"" : 123 }",V1,
v1,set_avatar_name,Session-Id;Virgin-Device-Id;Accept-Version,,,"{ ""number"" : ""example"", ""avatar_name"" : ""example"" }",V1,set_avatar_name
v1,Initial Reservation,Session-Id;Virgin-Device-Id;Accept-Version,,,"{ ""number"" : ""example"" }",V1,initial_reservation
v1,Check if the number is a VirginMobile number,Session-Id;Virgin-Device-Id;Accept-Version,,,"{ ""number"" : ""example"" }",V1,is_virgin
v1,To cancel the initial reservation for specific MSISDN,Session-Id;Virgin-Device-Id;Accept-Version,,,{ },V1,cancel_initial_reservation
v1,Initial Reservation,Session-Id;Virgin-Device-Id;Accept-Version,,,,V1,initial_booking_numbers
v1,Search for a number,Session-Id;Virgin-Device-Id,POST,numbers/search,"{ ""per_page"" : 123 }",V1,get_available_numbers
v1,[Deprecated - Use: commit_number] Commit booking for a number if not a 3d Secure,Session-Id,POST,numbers/confirm,"{ ""booking_code"" : ""example"", ""alias"" : ""example"" }",V1,register_alias
v1,Commit booking for a number if response is not 3d Secure,Session-Id;Virgin-Device-Id,POST,numbers/commit_number,"{ ""booking_code"" : ""example"" }",V1,register_alias
v1,Commit Number and Confirm 3D secure,Session-Id;Virgin-Device-Id;Accept-Version,POST,numbers/commit_number_and_confirm_3d_secure,"{ ""order_id"" : ""example"", ""status"" : ""example"", ""booking_code"" : ""example"" }",V1,confirm_registration_and_commit_number
v1,Remove Confirmed Booking,Session-Id,DELETE,numbers/confirm,"{ ""booking_code"" : ""example"" }",V1,cancel_commit_reservation
v1,[Deprecated - use /credit_cards/confirm_3d_secure] Confirm 3D secure Transaction,Session-Id,POST,numbers/confirm_3d_secure,"{ ""order_id"" : ""example"", ""status"" : ""example"" }",V1,confirm_commit_reservation
v1,Reserve Number Without Check,Session-Id,POST,numbers/reserve_number_without_check,"{ ""number"" : ""example"" }",V1,reserve_number_without_check
v1,Update Number Tag Name,Session-Id,PUT,numbers/update_number_tag_name,"{ ""number"" : ""example"", ""tag_name"" : ""example"" }",V1,update_number_tag_name
v1,UnFreeze Number,Session-Id,POST,numbers/unfreeze,,V1,unfreeze
v1,Random Reservation,Session-Id;Virgin-Device-Id;Accept-Version,,,{ },V1,random_reservation
v1,Vanity Detail,Session-Id;Virgin-Device-Id;Accept-Version,,,,V1,vanity_details
v1,Get Numbes based on reservation types,Session-Id;Virgin-Device-Id;Accept-Version,,,"{ ""reservation_types"" : ""example"" }",V1,numbers_based_on_reservation
v1,Random Number Confirmation,Session-Id;Virgin-Device-Id;Accept-Version,,,,V1,random_confirmation
v1,EPass,Session-Id;Virgin-Device-Id;Accept-Version,,,"{ ""content"" : ""example"" }",V1,epass
v1,List,Session-Id;Virgin-Device-Id;Accept-Version,,,{ },V1,list
v1,Apply,Session-Id;Virgin-Device-Id;Accept-Version,,,"{ ""promotion_id"" : ""example"" }",V1,apply
v1,Remove,Session-Id;Virgin-Device-Id;Accept-Version,,,"{ ""promotion_id"" : ""example"" }",V1,remove
v1,Request otp,Session-Id;Virgin-Device-Id;Accept-Version,POST,otp_service/request_otp,"{ ""number"" : ""example"", ""flow_type"" : ""example"" }",V1,send_otp
v1,Validate Otp,Session-Id;Virgin-Device-Id;Accept-Version,POST,otp_service/validate_otp,"{ ""number"" : ""example"", ""flow_type"" : ""example"", ""otp"" : ""example"" }",V1,validate_otp
v1,Check and Submit PACI,Session-Id;Virgin-Device-Id;Accept-Version,,,"{ ""civil_id"" : ""example"" }",V1,check_submit
v1,Check Expiry Date,Session-Id;Virgin-Device-Id;Accept-Version,,,,V1,check_expiry_date
v1,Check Status,Session-Id;Virgin-Device-Id;Accept-Version,,,,V1,status
v1,Current,Session-Id;Virgin-Device-Id;Accept-Version,,,"{ ""number"" : ""example"" }",V1,get_current_pack
v1,available,Session-Id;Virgin-Device-Id;Accept-Version,,,"{ ""number"" : ""example"" }",V1,get_available_pack
v1,Subscribe,Session-Id;Virgin-Device-Id;Accept-Version,,,"{ ""number"" : ""example"", ""pack_code"" : ""example"" }",V1,subscribe_pack
v1,Pack Details,Session-Id;Virgin-Device-Id;Accept-Version,,,"{ ""number"" : ""example"", ""pack_id"" : ""example"" }",V1,get_pack_details
v1,Pack Opt In,Session-Id;Virgin-Device-Id;Accept-Version,,,"{ ""number"" : ""example"" }",V1,pack_opt_in
v1,Evaluate Content Services,Session-Id;Virgin-Device-Id;Accept-Version,,,"{ ""number"" : ""example"", ""code"" : ""example"", ""service_ids"" : ""example"" }",V1,evaluate_content_services
v1,Request Password Change,Session-Id;Virgin-Device-Id;Accept-Version,POST,password/reset,"{ ""email"" : ""example"" }",V1,send_reset_password_email
v1,Create/Set Password for a user,Session-Id;Virgin-Device-Id;Accept-Version,,,"{ ""email"" : ""example"", ""password"" : ""example"" }",V1,set_password
v1,Change User Password,Session-Id;Virgin-Device-Id;Accept-Version,,,"{ ""old_password"" : ""example"", ""new_password"" : ""example"" }",V1,change_password
v1,Verify Password,Session-Id;Virgin-Device-Id;Accept-Version,POST,password/verify,"{ ""password"" : ""example"" }",V1,verify_password
v1,Validate Verfication Code,Session-Id;Virgin-Device-Id;Accept-Version,POST,password/validate_verification_code,"{ ""code"" : ""example"" }",V1,validate_verification_code
v1,Reset Password OTP,Session-Id;Virgin-Device-Id;Accept-Version,POST,password/reset_otp,"{ ""number"" : ""example"" }",V1,reset_password_otp
v1,set_default_payment_method,Session-Id;Virgin-Device-Id;Accept-Version,,,"{ ""payment_method_id"" : 123 }",V1,set_default_payment_method
v1,Pay ESIM,Session-Id;Virgin-Device-Id;Accept-Version,,,"{ ""payment_method_id"" : 123, ""cvv"" : ""example"" }",V1,pay_esim
v1,user_payments_methods,Session-Id;Virgin-Device-Id;Accept-Version,,,,V1,user_payments_methods
v1,remove_payments_methods,Session-Id;Virgin-Device-Id;Accept-Version,,,"{ ""payment_method_id"" : 123 }",V1,remove_payments_methods
v1,Confirm Online Payment Transaction,Session-Id;Virgin-Device-Id;Accept-Version,,,"{ ""order_id"" : ""example"", ""status"" : ""example"" }",V1,confirm
v1,plan,Session-Id;Virgin-Device-Id;Accept-Version,,,"{ ""number"" : ""example"", ""transaction_type"" : 123, ""cvv"" : ""example"" }",V1,plan
v1,plan with alias,Session-Id;Virgin-Device-Id;Accept-Version,,,"{ ""alias"" : ""example"", ""cvv"" : ""example"", ""customer_name"" : ""example"" }",V1,plan_with_alias
v1,Recharge,Session-Id;Virgin-Device-Id;Accept-Version,,,"{ ""number"" : ""example"", ""cvv"" : ""example"", ""amount"" : 123 }",V1,recharge
v1,cancel delivery,Session-Id;Virgin-Device-Id;Accept-Version,,,"{ ""reason"" : ""example"", ""cvv"" : ""example"" }",V1,delivery_cancel
v1,Change the number,Session-Id;Virgin-Device-Id;Accept-Version,POST,payments/change_number,"{ ""old_number"" : ""example"", ""new_number"" : ""example"", ""cvv"" : ""example"" }",V1,change_number
v1,Get Payments,Session-Id;Virgin-Device-Id;Accept-Version,GET,payments/pending,,V1,pending
v1,register card with recharge,Session-Id;Virgin-Device-Id;Accept-Version,,,"{ ""alias"" : ""example"", ""cvv"" : ""example"", ""customer_name"" : ""example"" }",V1,register_card_with_recharge
v1,Cart  Count,Session-Id;Virgin-Device-Id;Accept-Version,,,,V1,cart_items_count
v1,[OMAN ONLY] recharge_using_debit_card,Session-Id;Virgin-Device-Id;Accept-Version,,,"{ ""amount"" : 1.23, ""number"" : ""example"" }",V1,recharge_using_debit_card
v1,[OMAN ONLY] confirm_recharge_using_debit_card,Session-Id;Virgin-Device-Id;Accept-Version,,,"{ ""order_id"" : ""example"", ""status"" : ""example"", ""number"" : ""example"" }",V1,confirm_recharge_using_debit_card
v1,Pay Onboarding,Session-Id;Virgin-Device-Id;Accept-Version,,,"{ ""alias_"" : ""example"", ""customer_name"" : ""example"", ""cvv"" : ""example"" }",V1,payOnboarding
v1,Pay Selfcare,Session-Id;Virgin-Device-Id;Accept-Version,,,"{ ""number"" : ""example"", ""amount"" : ""example"", ""alias_"" : ""example"", ""customer_name"" : ""example"", ""cvv"" : ""example"", ""skip"" : true }",V1,paySelfcare
v1,KNET Payment,Session-Id;Virgin-Device-Id;Accept-Version,,,"{ ""number"" : ""example"", ""amount"" : ""example"", ""process"" : ""example"" }",V1,knet_payment
v1,Confirm Zero Payment,Session-Id;Virgin-Device-Id;Accept-Version,,,,V1,confirm_zero_payment
v1,Complete Onboarding Payment,Session-Id;Virgin-Device-Id;Accept-Version,,,"{ ""cvv"" : ""example"", ""payment_method_id"" : ""example"" }",V1,CompleteOnboardingPayment
v1,KnetOnlineOneOff,Session-Id;Virgin-Device-Id;Accept-Version,,,"{ ""number"" : ""example"", ""amount"" : ""example"" }",V1,KnetOnlineOneOff
v1,Check authorization,Session-Id;Virgin-Device-Id;Accept-Version,,,,V1,checkAuthorizationStatus
v1,"initialize paypal, by returing an authrization URL",Session-Id,,,,V1,register_paypal
v1,Confirm Paypal Access,Session-Id,,,"{ ""payer_id"" : ""example"" }",V1,confirm_paypal
v1,Subscribe to plans,Session-Id;Virgin-Device-Id;Accept-Version,,,"{ ""number"" : ""example"", ""plan_id"" : 123 }",V1,subscribe
v1,retry subscription renewal,Session-Id;Virgin-Device-Id;Accept-Version,POST,plans/retry_subscription_renewal,"{ ""number"" : ""example"", ""subscription_id"" : 123 }",V1,retry_subscription_renewal
v1,activate promo now,Session-Id;Virgin-Device-Id;Accept-Version,POST,plans/activate_promo_now,"{ ""number"" : ""example"", ""promotion_id"" : ""example"" }",V1,activate_promo_now
v1,Update Auto Renew,Session-Id;Virgin-Device-Id;Accept-Version,POST,plans/update_auto_renew,"{ ""number"" : ""example"", ""is_enable"" : true, ""subscription_id"" : ""example"" }",V1,update_auto_renew
v1,PAYG Rates,Session-Id;Virgin-Device-Id;Accept-Version,GET,plans/payg_rates,"{ ""number"" : ""example"" }",V1,payg_rates
v1,Plan status,Session-Id;Virgin-Device-Id;Accept-Version,GET,plans/status,"{ ""number"" : ""example"", ""service_type"" : ""example"" }",V1,plan_status
v1,Has Eligible Plan for Upgrade,Session-Id;Virgin-Device-Id;Accept-Version,GET,plans/has_eligible_plan_for_update,"{ ""number"" : ""example"" }",V1,has_eligible_plan_for_update
v1,Delete Subscription,Session-Id;Virgin-Device-Id;Accept-Version,DELETE,plans/subscription,"{ ""number"" : ""example"", ""subscription_id"" : ""example"" }",V1,stop_subscription_renewal
v1,*******[Deprecated]*******  All countries_rates,Session-Id;Virgin-Device-Id;Accept-Version,GET,plans/all_countries_rates,{ },V1,all_countries_rates
v1,*******[Deprecated]*******  countries_rates,Session-Id;Virgin-Device-Id;Accept-Version,GET,plans/countries_rates,"{ ""country_iso3"" : ""example"" }",V1,countries_rates
v1,get PAYG data,Session-Id;Virgin-Device-Id;Accept-Version,GET,plans/payg_data,,V1,get_payg_data
v1,get PAYG data,Session-Id;Virgin-Device-Id;Accept-Version,POST,plans/payg_data,"{ ""enable"" : true }",V1,post_payg_data
v1,get PAYG Roaming data,Session-Id;Virgin-Device-Id;Accept-Version,GET,plans/get_roaming_payg_data,,V1,get_roaming_payg_data
v1,Post PAYG Roaming data,Session-Id;Virgin-Device-Id;Accept-Version,POST,plans/post_roaming_payg_data,"{ ""activate"" : true }",V1,post_roaming_payg_data
v1,change info,Session-Id;Virgin-Device-Id;Accept-Version,GET,plans/change_info,"{ ""plan_ids"" : ""example"", ""number"" : ""example"" }",V1,is_upgrade_plan
v1,upgrade,Session-Id;Virgin-Device-Id;Accept-Version,POST,plans/change_now,"{ ""plan_ids"" : ""example"", ""number"" : ""example"" }",V1,upgrade
v1,Get Package Pricing,Session-Id;Virgin-Device-Id;Accept-Version,GET,plans/package_pricing,,V1,package_pricing
v1,Get Current Plans,Session-Id;Accept-Version;Virgin-Device-Id,,,"{ ""number"" : ""example"" }",V1,booster_status
v1,Get Next Renewal,Session-Id;Accept-Version;Virgin-Device-Id,,,"{ ""number"" : ""example"" }",V1,booster_status
v1,Get Starter Plan,,,,,V1,starter_plan
v1,Summary,Session-Id;Virgin-Device-Id;Accept-Version,,,{ },V1,summary
v1,Available plans,Session-Id;Virgin-Device-Id;Accept-Version,,,"{ ""plan_types"" : ""example"" }",V1,available_plans
v1,Available plans And Bundles,Session-Id,,,"{ ""plan_types"" : ""example"" }",V1,available_and_bundles
v1,Reactivate Plans,Session-Id;Virgin-Device-Id,,,"{ ""number"" : ""example"" }",V1,reactivate_plans
v1,UnSubscribe from plans,Session-Id,,,"{ ""number"" : ""example"", ""plan_ids"" : ""example"" }",V1,unsubscribe
v1,Change plan,Session-Id;Virgin-Device-Id;Accept-Version,,,"{ ""number"" : ""example"", ""new_plan_ids"" : ""example"" }",V1,change
v1,Package Price,Session-Id,,,"{ ""number"" : ""example"", ""subscription_ids"" : ""example"" }",V1,package_price
v1,Save Predefined Bundle,Session-Id,POST,plans/save_predefined_bundle,"{ ""bundle_id"" : ""example"" }",V1,save_predefined_bundle
v1,Get Available Roaming Data Plans,Session-Id;Virgin-Device-Id;Accept-Version,GET,plans/available_roaming_plans,{ },V1,get_available_roaming_data_plans
v1,Get Current Roaming Data Plans,Session-Id,GET,plans/current_roaming_plans,"{ ""number"" : ""example"" }",V1,get_current_roaming_plans
v1,renew_now,Session-Id;Accept-Version;Virgin-Device-Id,POST,plans/renew_now,"{ ""number"" : ""example"" }",V1,renew_now
v1,Confirm Renew Plan,Session-Id;Virgin-Device-Id;Accept-Version,,,"{ ""number"" : ""example"", ""password"" : ""example"" }",V1,confirm_renew_now
v1,Activate Service Bundle,Session-Id;Virgin-Device-Id;Accept-Version,,,"{ ""number"" : ""example"", ""service_id"" : 123 }",V1,activate_service_bundle
v1,Switch Content Service,Session-Id;Virgin-Device-Id;Accept-Version,,,"{ ""from_servise_id"" : 123, ""to_servise_id"" : 123, ""number"" : ""example"" }",V1,switch_content_service
v1,Avaliable Content Services,Session-Id;Virgin-Device-Id;Accept-Version,,,{ },V1,content_services
v1,Get Saved Plans List,Session-Id;Accept-Version;Virgin-Device-Id,,,,V1,get_saved_plans
v1,Save Selected Plans,Session-Id;Accept-Version;Virgin-Device-Id,,,"{ ""plan_ids"" : ""example"" }",V1,save
v1,Schedule Pause Plan,Session-Id;Virgin-Device-Id;Accept-Version,,,{ },V1,schedule_pause_plan
v1,Cancel Pause Plan,Session-Id;Virgin-Device-Id;Accept-Version,,,{ },V1,cancel_pause_plan
v1,Resume Pause Plan,Session-Id;Virgin-Device-Id;Accept-Version,,,"{ ""number"" : ""example"", ""plan_ids"" : ""example"" }",V1,resume_pause_plan
v1,Summary,Session-Id;Virgin-Device-Id;Accept-Version,,,"{ ""number"" : ""example"", ""type"" : ""example"" }",V1,summary
v1,Request more data,Session-Id;Virgin-Device-Id;Accept-Version,,,"{ ""number"" : ""example"", ""customer_number"" : ""example"" }",V1,request_more_data
v1,add_plan_notify,Session-Id;Virgin-Device-Id;Accept-Version,,,"{ ""number"" : ""example"", ""user_number"" : ""example"" }",V1,add_plan_notify
v1,update,Session-Id;Virgin-Device-Id;Accept-Version,,,"{ ""number"" : ""example"", ""details"" : ""example"" }",V1,update_plan_pool
v1,set_main_number,Session-Id;Virgin-Device-Id;Accept-Version,,,"{ ""number"" : ""example"" }",V1,set_main_number
v1,consumer_status,Session-Id;Virgin-Device-Id;Accept-Version,,,"{ ""number"" : ""example"", ""service_type"" : ""example"" }",V1,consumer_status
v1,Delete Plan Pool,Session-Id;Virgin-Device-Id;Accept-Version,,,"{ ""number"" : ""example"" }",V1,delete_plan_pool
v1,Get Plan Share Status,Session-Id;Virgin-Device-Id;Accept-Version,,,"{ ""number"" : ""example"", ""service_type"" : ""example"" }",V1,status
v1,Get Suspenssion,Session-Id;Virgin-Device-Id;Accept-Version,,,"{ ""number"" : ""example"" }",V1,get_suspenssion
v1,Post Suspenssion,Session-Id;Virgin-Device-Id;Accept-Version,,,"{ ""number"" : ""example"" }",V1,post_suspenssion
v1,Post Extension,Session-Id;Virgin-Device-Id;Accept-Version,,,"{ ""number"" : ""example"" }",V1,post_extention
v1,Remove Suspenssion,Session-Id;Virgin-Device-Id;Accept-Version,,,"{ ""number"" : ""example"" }",V1,delete_suspenssion
v1,Remove Extension,Session-Id;Virgin-Device-Id;Accept-Version,,,"{ ""number"" : ""example"" }",V1,delete_extention
v1,Get postpaid bills,Session-Id;Virgin-Device-Id;Accept-Version,,,"{ ""number"" : ""example"", ""no_of_bills"" : 123 }",V1,get_postpaid_bills
v1,Get pending postpaid bills,Session-Id;Virgin-Device-Id;Accept-Version,,,"{ ""invoice_number"" : ""example"" }",V1,pending_invoices_details
v1,Download postpaid bill,Session-Id;Virgin-Device-Id;Accept-Version,,,"{ ""invoice_number"" : ""example"" }",V1,download_bill
v1,Pay bill with Saved payment method,Session-Id;Virgin-Device-Id;Accept-Version,,,"{ ""number"" : ""example"", ""amount"" : 1.23, ""payment_method_id"" : 123 }",V1,pay_bill
v1,Pay bill with new card,Session-Id;Virgin-Device-Id;Accept-Version,,,"{ ""number"" : ""example"", ""amount"" : 1.23, ""customer_name"" : ""example"" }",V1,pay_bill_with_card
v1,Pay bill with new card Web,Session-Id;Virgin-Device-Id;Accept-Version,,,"{ ""number"" : ""example"", ""amount"" : 1.23, ""alias"" : ""example"" }",V1,pay_with_new_card_web
v1,Pay bill with Apple Pay,Session-Id;Virgin-Device-Id;Accept-Version,,,"{ ""apple_data"" : ""example"", ""apple_signature"" : ""example"", ""apple_transactionId"" : ""example"", ""apple_ephemeralPublicKey"" : ""example"", ""apple_publicKeyHash"" : ""example"", ""apple_displayName"" : ""example"", ""apple_network"" : ""example"", ""apple_type"" : ""example"", ""apple_application_data"" : ""example"", ""number"" : ""example"", ""amount"" : 1.23 }",V1,pay_bill_with_apple_pay
v1,Pay bill with Apple Pay Web,Session-Id;Virgin-Device-Id;Accept-Version,,,"{ ""apple_data"" : ""example"", ""apple_signature"" : ""example"", ""apple_transactionId"" : ""example"", ""apple_ephemeralPublicKey"" : ""example"", ""apple_publicKeyHash"" : ""example"", ""apple_displayName"" : ""example"", ""apple_network"" : ""example"", ""apple_type"" : ""example"", ""apple_application_data"" : ""example"", ""number"" : ""example"", ""amount"" : 1.23 }",V1,pay_bill_with_apple_pay_web
v1,Bill payment confirmation,Session-Id;Virgin-Device-Id;Accept-Version,,,"{ ""order_id"" : ""example"", ""status"" : ""example"" }",V1,confirm_bill_payment
v1,Bill payment confirmation Web,Session-Id;Virgin-Device-Id;Accept-Version,,,"{ ""order_id"" : ""example"", ""status"" : ""example"" }",V1,confirm_bill_payment_web
v1,Get postpaid Closing bills,Session-Id;Virgin-Device-Id;Accept-Version,,,"{ ""number"" : ""example"" }",V1,get_full_outstanding
v1,Get change plan summary,Session-Id;Virgin-Device-Id;Accept-Version,,,"{ ""number"" : ""example"", ""plan_code"" : ""example"" }",V1,get_exchange_plan_summary
v1,Get change plan summary,Session-Id;Virgin-Device-Id;Accept-Version,,,,V1,preToPostMigrationCheckEligibility
v1,Postpaid Upgrade plan details,Session-Id;Virgin-Device-Id;Accept-Version,,,"{ ""current_plan_code"" : ""example"", ""next_plan_code"" : ""example"" }",V1,get_plan_upgrade_details
v1,Get postpaid plan downgrade details,Session-Id;Virgin-Device-Id;Accept-Version,,,"{ ""number"" : ""example"" }",V1,get_downgrade_details
v1,Cancel Postpaid plan downgrade ,Session-Id;Virgin-Device-Id;Accept-Version,,,"{ ""number"" : ""example"" }",V1,cancel_downgrade
v1,Postpaid change plan payment with Saved card,Session-Id;Virgin-Device-Id;Accept-Version,,,"{ ""number"" : ""example"", ""payment_method_id"" : 123, ""plan_code"" : ""example"", ""amount"" : 1.23, ""deposit_amount"" : 1.23, ""advanced_payment"" : 1.23 }",V1,pay_offline_exchange_plan_payment
v1,Postpaid change plan payment with New card,Session-Id;Virgin-Device-Id;Accept-Version,,,"{ ""number"" : ""example"", ""amount"" : 1.23, ""customer_name"" : ""example"" }",V1,pay_online_exchange_plan_payment
v1,Postpaid change plan payment with Apple Pay,Session-Id;Virgin-Device-Id;Accept-Version,,,"{ ""apple_data"" : ""example"", ""apple_signature"" : ""example"", ""apple_transactionId"" : ""example"", ""apple_ephemeralPublicKey"" : ""example"", ""apple_publicKeyHash"" : ""example"", ""apple_displayName"" : ""example"", ""apple_network"" : ""example"", ""apple_type"" : ""example"", ""apple_application_data"" : ""example"", ""number"" : ""example"", ""amount"" : 1.23, ""plan_code"" : ""example"", ""deposit_amount"" : 1.23, ""advanced_payment"" : 1.23 }",V1,pay_offline_exchange_plan_payment_apple_pay
v1,Postpaid Change plan payment confirmation,Session-Id;Virgin-Device-Id;Accept-Version,,,"{ ""advanced_payment"" : 1.23, ""deposit_amount"" : 1.23, ""plan_code"" : ""example"", ""number"" : ""example"" }",V1,confirm_online_exchange_plan_payment
v1,PrePaid to Postpaid plan migarion payment with Saved card ,Session-Id;Virgin-Device-Id;Accept-Version,,,"{ ""number"" : ""example"", ""payment_method_id"" : 123, ""plan_code"" : ""example"", ""amount"" : 1.23, ""deposit_amount"" : 1.23, ""advanced_payment"" : 1.23, ""absher_token"" : ""example"" }",V1,pay_offline_migrate_pretopost_payment
v1,PrePaid to Postpaid plan migarion payment with New card,Session-Id;Virgin-Device-Id;Accept-Version,,,"{ ""number"" : ""example"", ""amount"" : 1.23, ""customer_name"" : ""example"" }",V1,pay_online_migrate_pretopost_payment
v1,PrePaid to Postpaid plan migarion payment with Apple Pay,Session-Id;Virgin-Device-Id;Accept-Version,,,"{ ""apple_data"" : ""example"", ""apple_signature"" : ""example"", ""apple_transactionId"" : ""example"", ""apple_ephemeralPublicKey"" : ""example"", ""apple_publicKeyHash"" : ""example"", ""apple_displayName"" : ""example"", ""apple_network"" : ""example"", ""apple_type"" : ""example"", ""apple_application_data"" : ""example"", ""number"" : ""example"", ""amount"" : 1.23, ""plan_code"" : ""example"", ""deposit_amount"" : 1.23, ""advanced_payment"" : 1.23, ""absher_token"" : ""example"" }",V1,pay_offline_migrate_pretopost_payment_apple_pay
v1,PrePaid to Postpaid plan migarion payment confirmation,Session-Id;Virgin-Device-Id;Accept-Version,,,"{ ""order_id"" : ""example"", ""status"" : ""example"", ""advanced_payment"" : 1.23, ""deposit_amount"" : 1.23, ""plan_code"" : ""example"", ""absher_token"" : ""example"" }",V1,confirm_online_migrate_pretopost_payment
v1,Upselling Plan,Session-Id;Virgin-Device-Id;Accept-Version,,,"{ ""number"" : ""example"", ""product_code"" : ""example"", ""is_include_promotion"" : true }",V1,upselling_plan
v1,Retry Renewal,Session-Id;Virgin-Device-Id;Accept-Version,,,"{ ""number"" : ""example"", ""promo_code"" : ""example"", ""subscription_ids"" : ""example"" }",V1,retry_renewal
v1,Get Current Product,Session-Id;Virgin-Device-Id;Accept-Version,,,{ },V1,select_and_save
v1,Get All products,,,,,V1,get_products
v1,Get Product List With Plan,Session-Id;Virgin-Device-Id;Accept-Version,,,"{ ""product_codes"" : ""example"", ""service_types"" : ""example"", ""include_Vanity_Plan"" : true }",V1,get_available_plans_by_product_code
v1,Get Products by Category,Session-Id;Virgin-Device-Id;Accept-Version,,,"{ ""category"" : ""example"" }",V1,get_products_by_category
v1,check line validity,Session-Id;Accept-Version;Virgin-Device-Id,,,"{ ""number"" : ""example"" }",V1,CheckLineValidityEligibility
v1,Get Products Predfined Bundles,Session-Id;Virgin-Device-Id;Accept-Version,,,"{ ""product_codes"" : ""example"" }",V1,get_predefined_bundles
v1,Save Product with Code,Session-Id;Accept-Version;Virgin-Device-Id,,,"{ ""product_code"" : ""example"" }",V1,save
v1,Get Product by ID,Session-Id,,,"{ ""product_id"" : 123 }",V1,get_product
v1,Promotion code,Session-Id;Virgin-Device-Id;Accept-Version,,,{ },V1,get_code
v1,Set Promotion code,Session-Id;Virgin-Device-Id;Accept-Version,,,"{ ""code"" : ""example"" }",V1,post_code
v1,Check Promotion code,Session-Id;Virgin-Device-Id;Accept-Version,,,"{ ""code"" : ""example"" }",V1,check_code
v1,Redeem Promotion code,Session-Id;Virgin-Device-Id;Accept-Version,,,"{ ""code"" : ""example"" }",V1,redeem_code
v1,Get Saved Promo Details,Session-Id;Virgin-Device-Id;Accept-Version,,,,V1,get_saved_promo_details
v1,GET events_promo,Session-Id;Virgin-Device-Id;Accept-Version,,,"{ ""number"" : ""example"", ""event_name"" : ""example"" }",V1,get_events_promo
v1,POST events_promo (Redeem),Session-Id;Virgin-Device-Id;Accept-Version,,,"{ ""number"" : ""example"", ""event_name"" : ""example"", ""code"" : ""example"" }",V1,redeem_events_promo
v1,CVM redeem Offer,Session-Id;Virgin-Device-Id;Accept-Version,,,"{ ""number"" : ""example"", ""uid"" : ""example"" }",V1,redeem_cvm_offer
v1,GET Available Promotions ,Session-Id;Virgin-Device-Id;Accept-Version,,,"{ ""number"" : ""example"", ""event_name"" : ""example"" }",V1,available_events
v1,Quick Topup Summary,Session-Id;Virgin-Device-Id;Accept-Version,,,"{ ""data"" : ""example"" }",V1,Summary
v1,Number Elgibility,Session-Id;Virgin-Device-Id;Accept-Version,,,"{ ""number"" : ""example"" }",V1,NumberElgibility
v1,Knet Online One Off,Session-Id;Virgin-Device-Id;Accept-Version,,,"{ ""data"" : ""example"" }",V1,KnetOnlineOneOff
v1,Online One Off ApplePay,Session-Id;Virgin-Device-Id;Accept-Version,,,"{ ""apple_data"" : ""example"", ""apple_signature"" : ""example"", ""apple_transactionId"" : ""example"", ""apple_ephemeralPublicKey"" : ""example"", ""apple_publicKeyHash"" : ""example"", ""apple_displayName"" : ""example"", ""apple_network"" : ""example"", ""apple_type"" : ""example"", ""apple_application_data"" : ""example"", ""data"" : ""example"" }",V1,OnlineOneOffApplePay
v1,Online One Off Confirmation,Session-Id;Virgin-Device-Id;Accept-Version,,,"{ ""order_id"" : ""example"", ""status_id"" : ""example"" }",V1,OnlineOneOffConfirmation
v1,OnlineOneOff,Session-Id;Virgin-Device-Id;Accept-Version,,,"{ ""data"" : ""example"", ""alias"" : ""example"" }",V1,OnlineOneOff
v1,Debit Online One Off,Session-Id;Virgin-Device-Id;Accept-Version,,,"{ ""data"" : ""example"" }",V1,DebitOnlineOneOff
v1,Online One Off Confirmation Dabit Card,Session-Id;Virgin-Device-Id;Accept-Version,,,"{ ""order_id"" : ""example"", ""status"" : ""example"" }",V1,ConfirmRechargeUsingDebitCardWeb
v1,daily-rewards-eligibility,Session-Id;Virgin-Device-Id;Accept-Version,,,"{ ""number"" : ""example"" }",V1,daily_rewards_eligibility
v1,Confirm Win,Session-Id;Virgin-Device-Id;Accept-Version,,,"{ ""number"" : ""example"", ""sliceId"" : ""example"" }",V1,confirm_win
v1,*******[Deprecated]******* predefined,Session-Id;Virgin-Device-Id;Accept-Version,GET,roaming/predefined,"{ ""product_code"" : ""example"" }",V1,roaming_predefined
v1,*******[Deprecated]******* available,Session-Id;Virgin-Device-Id;Accept-Version,GET,roaming/available,"{ ""product_code"" : ""example"", ""country_iso3"" : ""example"" }",V1,roaming_available
v1,*******[Deprecated]******* subscription,Session-Id;Virgin-Device-Id;Accept-Version,POST,roaming/subscription,"{ ""pack_code"" : ""example"", ""country_iso3"" : ""example"" }",V1,roaming_subscription
v1,*******[Deprecated]*******  current,Session-Id;Virgin-Device-Id;Accept-Version,GET,roaming/current,"{ ""number"" : ""example"" }",V1,roaming_current
v1,Roaming rate,,,,{ },,
v1,generate_number_email ,Session-Id;Virgin-Device-Id;Accept-Version,POST,security_management/generate_number_email,"{ ""number"" : ""example"" }",V1,generate_number_email
v1,login_by_otp,Session-Id;Virgin-Device-Id;Accept-Version,POST,security_management/login_by_otp,"{ ""number"" : ""example"", ""otp"" : ""example"", ""lang"" : ""example"" }",V1,login_by_otp
v1,number_by_imsi,Session-Id;Virgin-Device-Id;Accept-Version,POST,security_management/number_by_imsi,"{ ""number"" : ""example"" }",V1,number_by_imsi
v1,check_credentials,Session-Id;Virgin-Device-Id;Accept-Version,POST,security_management/check_credentials,"{ ""email"" : ""example"", ""password"" : ""example"" }",V1,check_credentials
v1,[Deprecated] login,Session-Id;Virgin-Device-Id;Accept-Version,POST,security_management/login,"{ ""email"" : ""example"", ""lang"" : ""example"" }",V1,_login
v1,Login with Email or Number,Session-Id;Virgin-Device-Id;Accept-Version,POST,security_management/login_with_email_or_number,"{ ""email_or_number"" : ""example"", ""lang"" : ""example"" }",V1,login
v1,login,Virgin-Device-Id;Accept-Version,POST,security_management/login_by_device_id,,V1,login_by_device_id
v1,Check Email,,POST,security_management/check_email,"{ ""email"" : ""example"" }",V1,check_email
v1,Logout,Session-Id;Virgin-Device-Id;Accept-Version,DELETE,security_management/logout,{ },V1,logout
v1,Social Login,,POST,security_management/social_login,"{ ""token"" : ""example"", ""social_type"" : ""example"", ""lang"" : ""example"" }",V1,social_login
v1,Set User Password -- DEPREACTED use /password,,POST,security_management/set_password,"{ ""email"" : ""example"", ""password"" : ""example"" }",V1,set_password
v1,Change User Password -- DEPREACTED use /password,Session-Id,,,"{ ""old_password"" : ""example"", ""new_password"" : ""example"" }",V1,change_password
v1,Send Reset Password Email,Session-Id,POST,security_management/send_reset_password_email,"{ ""email"" : ""example"" }",V1,send_reset_password_email
v1,Verify Password -- DEPREACTED use /password,Session-Id,POST,security_management/verify_password,"{ ""password"" : ""example"" }",V1,verify_password
v1,Return current user profile,Session-Id;Accept-Version;Virgin-Device-Id,GET,security_management/me,,V1,profile
v1,Validate Verfication Code,Session-Id,POST,security_management/validate_verification_code,"{ ""code"" : ""example"" }",V1,validate_verification_code
v1,UnRegister [[TESTING]],Session-Id,DELETE,security_management/unregister,"{ ""email"" : ""example"", ""password"" : ""example"" }",V1,unregister
v1,Cancel Email Request,Session-Id,DELETE,security_management/cancel_email_request,"{ ""new_email"" : ""example"" }",V1,cancel_email_request
v1,Request Change Email,Session-Id;Virgin-Device-Id,POST,security_management/request_change_email,,V1,request_change_email
v1,Update Email,Session-Id;Virgin-Device-Id,PUT,security_management/update_email,"{ ""email"" : ""example"", ""code"" : ""example"" }",V1,update_email_request
v1,Confirm Email,Session-Id,POST,security_management/confirm_email,"{ ""code"" : ""example"" }",V1,confirm_update_email
v1,Get email by Token,Session-Id,POST,security_management/email_by_token,"{ ""token"" : ""example"", ""social_type"" : ""example"" }",V1,email_by_token
v1,send verification code,Session-Id;Virgin-Device-Id,POST,security_management/send_verification_email,{ },V1,send_verification_email
v1,send verification email VIP,Session-Id;Virgin-Device-Id;Accept-Version,POST,security_management/send_verification_email_for_vip,"{ ""email"" : ""example"" }",V1,send_verification_email_for_vip
v1,Check account,Session-Id;Virgin-Device-Id;Accept-Version,POST,security_management/check,"{ ""email_or_number"" : ""example"" }",V1,check_email_new
v1,Send OTP,Session-Id;Virgin-Device-Id;Accept-Version,POST,security_management/register_by_number_otp,"{ ""number"" : ""example"" }",V1,send_otp
v1,Regiser by Number,Session-Id;Virgin-Device-Id;Accept-Version,POST,security_management/register_by_number,"{ ""number"" : ""example"", ""email"" : ""example"", ""otp"" : ""example"" }",V1,register_by_number
v1,Regiser & Login,Session-Id;Virgin-Device-Id;Accept-Version,POST,security_management/register_and_login,"{ ""number"" : ""example"", ""email"" : ""example"", ""otp"" : ""example"", ""lang"" : ""example"" }",V1,register_and_login
v1,block_unblock_sim,Session-Id;Virgin-Device-Id;Accept-Version,POST,sim/block_unblock_sim,"{ ""number"" : ""example"" }",V1,block_unblock_sim
v1,replace_sim_summary,Session-Id;Virgin-Device-Id;Accept-Version,GET,sim/replace_sim_summary,"{ ""number"" : ""example"" }",V1,replace_sim_summary
v1,pay_replace_sim,Session-Id;Virgin-Device-Id;Accept-Version,POST,sim/pay_replace_sim,"{ ""number"" : ""example"", ""payment_method_id"" : 123, ""cvv"" : ""example"" }",V1,pay_replace_sim
v1,activate_replaced_sim,Session-Id;Virgin-Device-Id;Accept-Version,POST,sim/activate_replaced_sim,"{ ""number"" : ""example"" }",V1,activate_replaced_sim
v1,Activate Sim,Session-Id;Virgin-Device-Id;Accept-Version,POST,sim/activate,"{ ""booking_code"" : ""example"", ""sim_number"" : ""example"" }",V1,activate_sim
v1,[Deprecated - June29-2020] Use `POST /sim/block_unblock_sim` with *true* block param instead,Session-Id;Virgin-Device-Id;Accept-Version,,,"{ ""cvv"" : ""example"", ""number"" : ""example"" }",V1,deactivate_sim
v1,is Activated,Session-Id;Virgin-Device-Id;Accept-Version,GET,sim/is_activated,"{ ""booking_code"" : ""example"" }",V1,is_activated
v1,Reactivate Account,Session-Id;Virgin-Device-Id;Accept-Version,,,"{ ""email"" : ""example"" }",V1,reactivate_account
v1,Lost Sim Payment / Deactivation,Session-Id;Virgin-Device-Id;Accept-Version,,,"{ ""cvv"" : ""example"", ""number"" : ""example"" }",V1,lost_sim_payment
v1,Request OTP,Session-Id;Virgin-Device-Id;Accept-Version,,,"{ ""number"" : ""example"" }",V1,request_otp
v1,Get the orientation posts,,,,{ },,
v1,Stores,,,,{ },,
v1,Stores Distance Matrix,,,,"{ ""lat"" : 1.23, ""lng"" : 1.23 }",,
v1,Catgeories,Session-Id;Virgin-Device-Id;Accept-Version,,,{ },V1,storefront_categories
v1,Home Page Cards,Session-Id;Virgin-Device-Id;Accept-Version,,,,V1,storefront_home_page_cards
v1,Prepaid Plans,Session-Id;Virgin-Device-Id;Accept-Version,,,,V1,prepaid_plans
v1,Change Plan Cards,Session-Id;Virgin-Device-Id;Accept-Version,,,{ },V1,storefront_change_plan_cards
v1,Sub Catgeories,Session-Id;Virgin-Device-Id;Accept-Version,,,"{ ""id"" : ""example"" }",V1,storefront_sub_categories
v1,Postpaid Plan suggestion,Session-Id;Virgin-Device-Id;Accept-Version,,,,V1,storefront_postpiad_plan_suggestion
v1,Submit a survey,Session-Id;Virgin-Device-Id,,,"{ ""email"" : ""example"", ""survey_type"" : ""example"", ""answer"" : ""example"" }",V1,submit_survey
v1,Payment Alternatives,,,,,V1,payment_alternatives
v1,Terminate Account,Session-Id,,,,V1,terminate_account
v1,Terminate Reason,,,,"{ ""email"" : ""example"", ""reason"" : ""example"" }",V1,terminate_reason
v1,Terminate Reason,,,,,V1,
v1,Schedule Account Termination,Session-Id;Virgin-Device-Id,,,,V1,schedule_account_termination
v1,Cancel Termination,Session-Id;Virgin-Device-Id,,,,V1,cancel
v1,Schedule Account Termination,Session-Id;Virgin-Device-Id,,,,V1,schedule_account_termination
v1,Reactivate Account,Virgin-Device-Id,,,"{ ""email"" : ""example"" }",V1,reactivate_account
v1,Get available denominations,Session-Id;Virgin-Device-Id;Accept-Version,GET,topup/available_denominations,"{ ""number"" : ""example"" }",V1,available_denominations
v1,Get Auto top-up,Session-Id;Virgin-Device-Id;Accept-Version,GET,topup/auto,"{ ""number"" : ""example"" }",V1,get_auto_topup
v1,Set Auto Recharge Details,Session-Id;Virgin-Device-Id;Accept-Version,POST,topup/auto,"{ ""number"" : ""example"", ""amount"" : ""example"" }",V1,set_auto_recharge
v1,[Deprecated - June29-2020] Use `POST /topup/auto` instead,Session-Id;Virgin-Device-Id;Accept-Version,POST,topup/auto_with_cvv,"{ ""number"" : ""example"", ""amount"" : ""example"", ""cvv"" : ""example"" }",V1,set_auto_recharge
v1,One-Off Topup,Session-Id;Virgin-Device-Id;Accept-Version,,,"{ ""number"" : ""example"", ""amount"" : 123 }",V1,one_off
v1,One-Off Topup With cvv,Session-Id;Virgin-Device-Id;Accept-Version,,,"{ ""number"" : ""example"", ""cvv"" : ""example"", ""amount"" : 123 }",V1,one_off_with_cvv
v1,** Deprecated **,Session-Id;Virgin-Device-Id;Accept-Version,,,"{ ""order_id"" : ""example"", ""status"" : ""example"" }",V1,confirm
v1,Schedule Recharge,Session-Id;Virgin-Device-Id;Accept-Version,,,"{ ""number"" : ""example"", ""amount"" : ""example"" }",V1,schedule_recharge
v1,GET Schedule Recharge,Session-Id;Virgin-Device-Id;Accept-Version,,,"{ ""number"" : ""example"" }",V1,get_schedule_recharge
v1,*******[Deprecated]******* one time,Session-Id;Virgin-Device-Id;Accept-Version,,,"{ ""number"" : ""example"", ""amount"" : ""example"" }",V1,one_time
v1,Get translations,,,,{ },,
v1,Get Lokalize by lan id,,GET,translations/lokalize,"{ ""lang"" : ""example"" }",,
v1,Get Lokalize by Project Id & By Lan id,,GET,translations/lokalize_by_project_id,"{ ""lang"" : ""example"", ""project_id"" : ""example"" }",,
v1,OCR Data,Session-Id;Virgin-Device-Id;Accept-Version,,,"{ ""id_number"" : ""example"", ""id_type"" : 123, ""last_name"" : ""example"", ""first_name"" : ""example"", ""dob"" : ""example"", ""expiry_date"" : ""example"" }",V1,ocr_data
v1,OCR Image,Session-Id;Virgin-Device-Id;Accept-Version,,,"{ ""front_image"" : ""example"", ""back_image"" : ""example"" }",V1,ocr_image
v1,OCR Signature,Session-Id;Virgin-Device-Id;Accept-Version,,,"{ ""signature"" : ""example"" }",V1,ocr_signature
v1,Check Eligability,Session-Id;Virgin-Device-Id;Accept-Version,,,"{ ""signature"" : ""example"" }",V1,check_eligability
v1,Get Governorates Areas,Session-Id;Virgin-Device-Id;Accept-Version,,,"{ ""signature"" : ""example"" }",V1,getGovernoratesAreas
v1,Submit Address,Session-Id;Virgin-Device-Id;Accept-Version,,,"{ ""governorate_id"" : ""example"", ""area_id"" : ""example"", ""area"" : ""example"", ""block"" : ""example"", ""street"" : ""example"", ""building"" : ""example"" }",V1,submitAddress
v1,Customer Image,Session-Id;Virgin-Device-Id;Accept-Version,,,"{ ""image_type"" : ""example"", ""image"" : ""example"" }",V1,ocr_customer_image
v1,Create/Update Rate for a question,Session-Id,,,"{ ""type"" : ""example"" }",V1,
v1,call,Session-Id,DELETE,webid/customer_name,,V1,call
v1,ocr,,,,"{ ""first_name"" : ""example"", ""sur_name"" : ""example"", ""date_of_birth"" : ""value"", ""nationality"" : ""example"", ""eid_number"" : ""example"", ""eid_date_of_issue"" : ""value"", ""eid_expiry"" : ""value"" }",V1,register_device
v10,Get Current Plans,Session-Id;Accept-Version;Virgin-Device-Id,,,"{ ""number"" : ""example"" }",V8,available_current_plans
v10,Get Product List With Plan,Session-Id;Virgin-Device-Id;Accept-Version,,,"{ ""product_codes"" : ""example"", ""service_types"" : ""example"", ""include_Vanity_Plan"" : true }",V2,get_available_plans_by_product_code
v11,register_device,Virgin-Device-Id;Accept-Version,,,"{ ""token"" : ""example"" }",V8,register_device
v11,payments,Session-Id;Virgin-Device-Id;Accept-Version,,,"{ ""process"" : ""example"", ""cvv"" : ""example"", ""booking_code"" : ""example"", ""payment_method_id"" : 123 }",V4,pay
v11,payment,Session-Id;Virgin-Device-Id;Accept-Version,GET,history/payment,"{ ""from_date"" : ""example"", ""to_date"" : ""example"", ""number"" : ""example"" }",V2,payments
v11,pdf,Session-Id;Virgin-Device-Id;Accept-Version,POST,history/pdf,"{ ""from_date"" : ""example"", ""to_date"" : ""example"", ""number"" : ""example"" }",V2,pdf
v11,user_payments_methods,Session-Id;Virgin-Device-Id;Accept-Version,,,{ },V8,user_payments_methods
v11,Pay Family,Session-Id;Virgin-Device-Id;Accept-Version,,,"{ ""_alias"" : ""example"", ""customer_name"" : ""example"", ""cvv"" : ""example"", ""process"" : ""example"" }",V8,pay_family
v11,One-Off Topup With cvv,Session-Id;Virgin-Device-Id;Accept-Version,,,"{ ""number"" : ""example"", ""cvv"" : ""example"", ""amount"" : ""example"" }",V2,one_off_with_cvv
v11,Get Auto top-up,Session-Id;Virgin-Device-Id;Accept-Version,GET,topup/auto,"{ ""number"" : ""example"" }",V2,get_auto_topup
v11,Set Auto Recharge Details,Session-Id;Virgin-Device-Id;Accept-Version,POST,topup/auto,"{ ""number"" : ""example"", ""amount"" : ""example"", ""payment_method_id"" : 123 }",V2,set_auto_recharge
v11,one_off,Session-Id;Virgin-Device-Id;Accept-Version,POST,topup/one_off,"{ ""number"" : ""example"", ""amount"" : ""example"", ""payment_method_id"" : 123 }",V2,one_off
v11,schedule_recharge,Session-Id;Virgin-Device-Id;Accept-Version,POST,topup/schedule_recharge,"{ ""number"" : ""example"", ""amount"" : ""example"" }",V2,schedule_recharge
v12,Get Products Predfined Bundles,Session-Id;Virgin-Device-Id;Accept-Version,,,"{ ""product_codes"" : ""example"" }",V2,get_predefined_bundles
v13,flow status,Session-Id;Accept-Version;Virgin-Device-Id,GET,me/flow_status,,V7,flow_status
v13,Summary,Session-Id;Virgin-Device-Id;Accept-Version,,,{ },V9,summary
v14,available,Session-Id;Virgin-Device-Id;Accept-Version,,,"{ ""number"" : ""example"" }",V2,get_available_pack
v14,Get Products Predfined Bundles,Session-Id;Virgin-Device-Id;Accept-Version,,,"{ ""product_codes"" : ""example"" }",V3,get_predefined_bundles
v14,Get Products per category,Session-Id;Virgin-Device-Id;Accept-Version,,,"{ ""productAttribute"" : ""example"" }",V3,get_products_by_category
v15,Recharge By Voucher,Session-Id;Virgin-Device-Id;Accept-Version,POST,me/recharge_by_voucher,"{ ""number"" : ""example"", ""code"" : ""example"" }",V8,recharge_by_voucher
v15,login_by_otp,Session-Id;Virgin-Device-Id;Accept-Version,POST,security_management/login_by_otp,"{ ""number"" : ""example"", ""otp"" : ""example"", ""lang"" : ""example"" }",V9,login_by_otp
v15,Login with Email or Number,Session-Id;Virgin-Device-Id;Accept-Version,POST,security_management/login_with_email_or_number,"{ ""email_or_number"" : ""example"", ""lang"" : ""example"" }",V9,login
v15,login,Virgin-Device-Id;Accept-Version,POST,security_management/login_by_device_id,,V9,login_by_device_id
v15,Social Login,,POST,security_management/social_login,"{ ""token"" : ""example"", ""social_type"" : ""example"", ""lang"" : ""example"" }",V9,social_login
v15,Return current user profile,Session-Id;Accept-Version;Virgin-Device-Id,GET,security_management/me,,V9,profile
v15,Regiser & Login,Session-Id;Virgin-Device-Id;Accept-Version,POST,security_management/register_and_login,"{ ""number"" : ""example"", ""email"" : ""example"", ""otp"" : ""example"", ""lang"" : ""example"" }",V9,register_and_login
v16,Subscribe,Session-Id;Virgin-Device-Id;Accept-Version,,,"{ ""number"" : ""example"", ""pack_code"" : ""example"" }",V2,subscribe_pack
v17,save_selected_plan,Session-Id;Virgin-Device-Id;Accept-Version,,,"{ ""selected_subscription_type_ids"" : ""example"" }",V2,save_selected_plan
v17,Initial Reservation,Session-Id;Virgin-Device-Id;Accept-Version,,,"{ ""number"" : ""example"", ""email"" : ""example"", ""process"" : ""example"" }",V2,initial_reservation
v17,Random Reservation,Session-Id;Virgin-Device-Id;Accept-Version,,,"{ ""email"" : ""example"", ""process"" : ""example"" }",V2,random_reservation
v17,[Deprecated] Use `POST /family/payments (v8)` with IoT process param instead,Session-Id;Virgin-Device-Id;Accept-Version,,,"{ ""process"" : ""example"", ""cvv"" : ""example"", ""booking_code"" : ""example"" }",V2,pay
v17,Current Balance,Session-Id;Virgin-Device-Id;Accept-Version,GET,me/current_balance,"{ ""number"" : ""example"" }",V8,current_balance
v17,Subscribe,Session-Id;Virgin-Device-Id;Accept-Version,,,"{ ""number"" : ""example"", ""pack_code"" : ""example"" }",V2,subscribe_pack
v17,change info,Session-Id;Virgin-Device-Id;Accept-Version,GET,plans/change_info,"{ ""plan_ids"" : ""example"", ""number"" : ""example"" }",V10,is_upgrade_plan
v17,upgrade,Session-Id;Virgin-Device-Id;Accept-Version,POST,plans/change_now,"{ ""plan_ids"" : ""example"", ""number"" : ""example"" }",V10,upgrade
v17,Save Selected Plans,Session-Id;Accept-Version;Virgin-Device-Id,,,"{ ""plan_ids"" : ""example"", ""product_code"" : ""example"" }",V10,save
v17,block_unblock_sim,Session-Id;Virgin-Device-Id;Accept-Version,POST,sim/block_unblock_sim,"{ ""number"" : ""example"", ""otp"" : ""example"" }",V2,block_unblock_sim
v17,Get available denominations,Session-Id;Virgin-Device-Id;Accept-Version,GET,topup/available_denominations,"{ ""number"" : ""example"" }",V2,available_denominations
v18,change info,Session-Id;Virgin-Device-Id;Accept-Version,GET,plans/change_info,"{ ""plan_ids"" : ""example"", ""number"" : ""example"", ""product_code"" : ""example"" }",V10,is_upgrade_plan
v18,upgrade,Session-Id;Virgin-Device-Id;Accept-Version,POST,plans/change_now,"{ ""plan_ids"" : ""example"", ""number"" : ""example"" }",V10,upgrade
v18,Save Selected Plans,Session-Id;Accept-Version;Virgin-Device-Id,,,"{ ""plan_ids"" : ""example"", ""product_code"" : ""example"" }",V10,save
v19,Submit Customer Data,Session-Id;Virgin-Device-Id;Accept-Version,POST,me/submit_customer_contact,"{ ""contact_number"" : ""example"", ""otp"" : ""example"" }",V11,submit_customer_contact
v19,block_unblock_sim,Session-Id;Virgin-Device-Id;Accept-Version,POST,sim/block_unblock_sim,"{ ""number"" : ""example"", ""otp"" : ""example"" }",V11,block_unblock_sim
v2,categories,Session-Id;Virgin-Device-Id;Accept-Version,GET,complaints/categories,"{ ""number"" : ""example"" }",V2,categories
v2,Recharge Current Balance,Session-Id,POST,me/recharge,"{ ""number"" : ""example"", ""amount"" : 123 }",V2,recharge_account
v2,usage,Session-Id,GET,me/usage,"{ ""plan_types"" : ""example"", ""number"" : ""example"", ""from"" : ""example"", ""to"" : ""example"" }",V2,usage_history_summary
v2,Set Spending Limit,Session-Id,POST,me/spending_limit,"{ ""number"" : ""example"", ""value"" : ""example"" }",V2,set_spending_limit
v2,Spending Limit,Session-Id,GET,me/spending_limit,"{ ""number"" : ""example"" }",V2,spending_limit
v2,Get Auto Recharge Details,Session-Id;Accept-Version,GET,me/auto_recharge,"{ ""number"" : ""example"" }",V2,auto_recharge
v2,Set Auto Recharge Details,Session-Id;Accept-Version,POST,me/auto_recharge,"{ ""number"" : ""example"", ""minimum_recharge_balance"" : ""example"", ""amount"" : ""example"", ""ask_me"" : true }",V2,set_auto_recharge
v2,[Depreacted] -- Summary:,Session-Id,GET,me/summary,"{ ""number"" : ""example"" }",V2,
v2,payment_history,Session-Id;Accept-Version,GET,me/payment_history,"{ ""number"" : ""example"", ""from"" : 123, ""to"" : 123 }",V2,payment_history
v2,home,Session-Id;Accept-Version,GET,me/home,{ },V2,
v2,Get User Numbers,Session-Id;Virgin-Device-Id;Accept-Version,,,{ },V2,initial_booking_numbers
v2,Get Numbes based on reservation types,Session-Id;Virgin-Device-Id;Accept-Version,,,"{ ""reservation_types"" : ""example"" }",V2,numbers_based_on_reservation
v20,Submit,Session-Id;Virgin-Device-Id;Accept-Version,POST,complaints/submit,"{ ""number"" : ""example"", ""summary"" : ""example"", ""description"" : ""example"", ""ticket_category"" : ""example"", ""ticket_subcategory"" : ""example"", ""otp"" : ""example"", ""contact_number"" : ""example"", ""refund_method"" : ""example"" }",V3,submit
v20,Get Products per category,Session-Id;Virgin-Device-Id;Accept-Version,,,"{ ""productAttribute"" : ""example"" }",V3,get_products_by_category
v20,Check Promotion code,Session-Id;Virgin-Device-Id;Accept-Version,,,"{ ""code"" : ""example"" }",V2,check_code
v21,save_selected_plan,Session-Id;Virgin-Device-Id;Accept-Version,,,"{ ""selected_subscription_type_ids"" : ""example"", ""is_5g"" : true }",V11,save_selected_plan
v21,Offers List,Session-Id;Virgin-Device-Id;Accept-Version,,,"{ ""is_5g"" : true }",V11,offers_list
v21,List,Session-Id;Virgin-Device-Id;Accept-Version,,,"{ ""is_5g"" : true }",V11,list
v21,Save Selected Plans,Session-Id;Accept-Version;Virgin-Device-Id,,,"{ ""plan_ids"" : ""example"", ""product_code"" : ""example"", ""is_5g"" : true }",V11,post_saved_plans
v21,Get Products per category,Session-Id;Virgin-Device-Id;Accept-Version,,,"{ ""productAttribute"" : ""example"" }",V3,get_products_by_category
v22,register_device,Session-Id;Virgin-Device-Id;Accept-Version,,,"{ ""token"" : ""example"" }",V11,register_device
v22,CheckEligibility,Session-Id;Virgin-Device-Id;Accept-Version,POST,eligibility/check_eligibility,"{ ""id_type"" : ""example"", ""id_number"" : ""example"", ""nationality_id"" : ""example"", ""city_id"" : ""example"", ""contact_number"" : ""example"" }",V11,check_eligibility
v22,MaritalStatusesAndGenders,Session-Id;Virgin-Device-Id;Accept-Version,GET,eligibility/marital_statuses_and_genders,,V11,get_marital_statuses_and_genders
v22,Sim Delivery Option,Session-Id;Virgin-Device-Id;Accept-Version,GET,eligibility/sim_delivery_option,,V11,get_sim_delivery_option
v22,Clear Plans,Session-Id;Accept-Version;Virgin-Device-Id,,,,V11,clear_plans
v23,Check and Submit PACI,Session-Id;Virgin-Device-Id;Accept-Version,,,"{ ""civil_id"" : ""example"" }",V12,check_submit
v23,OCR Data,Session-Id;Virgin-Device-Id;Accept-Version,,,"{ ""id_number"" : ""example"", ""id_type"" : 123, ""last_name"" : ""example"", ""first_name"" : ""example"", ""dob"" : ""example"", ""expiry_date"" : ""example"" }",V12,ocr_data
v24,Display msisdns per ID,Session-Id;Virgin-Device-Id;Accept-Version,,,"{ ""number"" : ""example"" }",V7,lines_by_customer_id
v24,Offers List,Session-Id;Virgin-Device-Id;Accept-Version,,,"{ ""product_code"" : ""example"" }",V12,offers_list
v24,all_countries_rate,Session-Id;Accept-Version;Virgin-Device-Id,,,{ },V12,all_countries_rate
v24,all_countries_rate_with_zero_rates,Session-Id;Accept-Version;Virgin-Device-Id,GET,international/roaming_countries_with_zero_rates,{ },V12,countries_for_zero_rates
v25,family_postpaid_eligibility,Session-Id;Virgin-Device-Id;Accept-Version,,,{ },V13,is_eligible_for_postpaid
v25,Get Cart,Session-Id;Virgin-Device-Id;Accept-Version,GET,family/cart,"{ ""process"" : ""example"", ""delivery_method"" : ""example"" }",V13,get_cart
v25,List,Session-Id;Virgin-Device-Id;Accept-Version,,,{ },V13,list
v25,Get Current Plans,Session-Id;Accept-Version;Virgin-Device-Id,,,"{ ""number"" : ""example"" }",V13,available_current_plans
v25,Summary,Session-Id;Virgin-Device-Id;Accept-Version,,,{ },V13,summary
v25,Get Out of Bunlde,Session-Id;Accept-Version;Virgin-Device-Id,,,"{ ""number"" : ""example"" }",V13,out_of_bundle_plans
v26,GET vtoken,Session-Id;Virgin-Device-Id;Accept-Version,,,"{ ""category"" : 123 }",V14,get_token
v26,POST token,Session-Id;Virgin-Device-Id;Accept-Version,,,"{ ""token"" : ""example"", ""creation_date"" : ""value"", ""category"" : 123 }",V14,post_token
v26,Request Absher token,Session-Id;Virgin-Device-Id;Accept-Version,,,"{ ""category"" : 123 }",V14,request_absher
v26,Absher status check ,Session-Id;Virgin-Device-Id;Accept-Version,,,"{ ""category"" : 123 }",V14,check_absher_status
v26,Manual Retry Activation,Session-Id;Virgin-Device-Id;Accept-Version,POST,activation/manual_retry_activation,,V14,manual_retry_activation
v26,PayOnboarding V2,Session-Id;Virgin-Device-Id;Accept-Version,,,"{ ""alias"" : ""example"", ""customer_name"" : ""example"", ""cvv"" : ""example"" }",V15,pay_onboarding_with_top_up
v26,Register and Pay with Apple Pay,Session-Id;Virgin-Device-Id;Accept-Version,,,"{ ""apple_data"" : ""example"", ""apple_signature"" : ""example"", ""apple_transactionId"" : ""example"", ""apple_ephemeralPublicKey"" : ""example"", ""apple_publicKeyHash"" : ""example"", ""apple_displayName"" : ""example"", ""apple_network"" : ""example"", ""apple_type"" : ""example"", ""apple_application_data"" : ""example"", ""payment_operation"" : 123 }",V15,register_and_pay_apple
v26,Confirm Registration,Session-Id;Virgin-Device-Id;Accept-Version,,,"{ ""order_id"" : ""example"", ""status"" : ""example"" }",V15,confirm_commit_reservation
v26,Retry Confirm Registration,Session-Id;Virgin-Device-Id;Accept-Version,,,,V15,retry_confirm_registration_payfort
v26, Cancel Onboarding,Session-Id;Virgin-Device-Id;Accept-Version,,,,V15,cancel_onboarding
v26,confrim,Session-Id;Virgin-Device-Id;Accept-Version,,,"{ ""number"" : ""example"", ""otp"" : ""example"" }",V14,confirm
v3,[Deprecated] Call FamilyRandom and TagUpdate as chain call instead,Session-Id;Virgin-Device-Id;Accept-Version,POST,family/register_iot_devices,"{ ""count"" : ""example"", ""email"" : ""example"" }",V2,remove_all_bookings
v3,Get Cart,Session-Id;Virgin-Device-Id;Accept-Version,GET,family/cart,"{ ""process"" : ""example"" }",V2,get_cart
v3,[Deprecated] Info not needed in the app anymore in 2.9,Session-Id;Virgin-Device-Id;Accept-Version,GET,family/iot_devices_price_list,,V2,iot_devices_price_list
v3,Register,Session-Id;Virgin-Device-Id;Accept-Version,POST,family/register,"{ ""email"" : ""example"", ""number"" : ""example"" }",V2,register
v3,Initial Reservation,Session-Id;Virgin-Device-Id;Accept-Version,,,"{ ""number"" : ""example"", ""email"" : ""example"", ""process"" : ""example"" }",V2,initial_reservation
v3,Random Reservation,Session-Id;Virgin-Device-Id;Accept-Version,,,"{ ""email"" : ""example"", ""process"" : ""example"" }",V2,random_reservation
v3,[Deprecated] Use `POST /family/payments (v8)` with IoT process param instead,Session-Id;Virgin-Device-Id;Accept-Version,,,"{ ""process"" : ""example"", ""cvv"" : ""example"", ""booking_code"" : ""example"" }",V2,pay
v4,Create/Set Password for a user,Session-Id;Virgin-Device-Id;Accept-Version,,,"{ ""email_or_number"" : ""example"", ""password"" : ""example"" }",V2,set_password
v4,Reset Password OTP,Session-Id;Virgin-Device-Id;Accept-Version,POST,password/reset_otp,"{ ""email_or_number"" : ""example"" }",V2,reset_password_otp
v4,Validate Verfication Code,Session-Id;Virgin-Device-Id;Accept-Version,POST,password/validate_verification_code,"{ ""code"" : ""example"" }",V2,validate_verification_code
v4,****[DEPREICATED] use /password/validate_verification_code  Validate Verfication Code,Session-Id;Virgin-Device-Id;Accept-Version,POST,security_management/validate_verification_code,"{ ""code"" : ""example"" }",V2,validate_verification_code
v5,Usage,Session-Id;Virgin-Device-Id;Accept-Version,GET,history/usage_daily,"{ ""plan_types"" : ""example"", ""number"" : ""example"", ""filter_id"" : ""example"" }",V2,usage_history_summary_daily
v5,Usage Details,Session-Id;Virgin-Device-Id;Accept-Version,GET,history/usage_details,"{ ""plan_types"" : ""example"", ""number"" : ""example"", ""filter_id"" : ""example"" }",V2,usage_history_summary_details
v6,Request Credit Transfer,Session-Id;Virgin-Device-Id;Accept-Version,POST,credit_transfer/request,"{ ""amount"" : 1.23, ""transfer_to"" : ""example"", ""transfer_from"" : ""example"" }",V2,request_credit_transfer
v6,Request Credit Transfer,Session-Id;Virgin-Device-Id;Accept-Version,POST,credit_transfer/confirm,"{ ""amount"" : 1.23, ""transfer_to"" : ""example"", ""transfer_from"" : ""example"", ""code"" : ""example"" }",V2,submit_credit_transfer
v7,flow status,Session-Id;Accept-Version;Virgin-Device-Id,GET,me/flow_status,,V3,flow_status
v7,[Deprecated] Depend on the number flags in `GET /family/pending_reservation (V8)` instead,Session-Id;Accept-Version;Virgin-Device-Id,GET,me/family_flow_status,,V3,family_flow_status
v7,is password set,Session-Id;Accept-Version;Virgin-Device-Id,GET,me/is_password_set,,V3,is_password_set
v7,Get User Numbers,Session-Id;Virgin-Device-Id;Accept-Version,,,{ },V3,numbers_based_on_reservation
v7,Return current user profile,Session-Id;Accept-Version;Virgin-Device-Id,GET,security_management/me,,V2,profile
v8,Pending reservations,Session-Id;Virgin-Device-Id;Accept-Version,,,"{ ""process"" : ""example"" }",V3,pending_reservations
v8,Get Cart,Session-Id;Virgin-Device-Id;Accept-Version,GET,family/cart,"{ ""process"" : ""example"" }",V3,get_cart
v8,payments,Session-Id;Virgin-Device-Id;Accept-Version,,,"{ ""process"" : ""example"", ""cvv"" : ""example"", ""booking_code"" : ""example"" }",V3,pay
v9,modules,Session-Id;Virgin-Device-Id;Accept-Version,GET,activation/modules,{ },V2,modules
v9,Send Activation OTP,Session-Id;Virgin-Device-Id;Accept-Version,POST,activation/send_activation_otp,"{ ""number"" : ""example"" }",V2,send_activation_otp
v9,Avilable,Session-Id;Virgin-Device-Id;Accept-Version,GET,ads/available,"{ ""number"" : ""example"" }",V2,available
v9,consume,Session-Id;Virgin-Device-Id;Accept-Version,POST,ads/consume,"{ ""number"" : ""example"", ""uid"" : 123 }",V2,consume
