southBoundVersion,methodName,queryParams,microService,operation,backendVersion,endpoint,responseUnwrapMethod,httpMethod
V1,modules,IncludeCustomerData,Activation,Modules,V1,Activation/V1/Modules,parsed_key_results,GET
V1,get_token,,Activation,token,V1,Activation/V1/token,parsed_key_results,GET
V1,post_token,Token;CreationDate,Activation,token,V1,Activation/V1/token,parsed_key_results,POST
V1,get_sim,,Activation,SIM,V1,Activation/V1/SIM,parsed_key_results,GET
V1,post_sim,IsESIM;IMSI,Activation,SIM,V1,Activation/V1/SIM,parsed_key_results,POST
V1,activate,,,,,,parsed_key_results,POST
V1,validate_city,,Activation,ValidateCity,V2,Activation/V2/ValidateCity,parsed_key_results,GET
V1,post_city,CityId,Activation,City,V2,Activation/V2/City,parsed_key_results,POST
V1,activate_family,MSISDN,,,,,parsed_key_results,POST
V1,resend_esim_qr,MSISDN,Activation,SendeSIMQR,V2,Activation/V2/SendeSIMQR,parsed_key_result3,POST
V1,request_customer,,Activation,RequestActivation,V1,Activation/V1/RequestActivation,parsed_key_result3,POST
V1,request_family,MSISDN,Activation,RequestActivation,V2,Activation/V2/RequestActivation,parsed_key_result3,POST
V1,available,MSISDN,Ads,Available,V1,Ads/V1/Available,parsed_key_result3,GET
V1,consume,MSISDN;UID,Ads,Consume,V1,Ads/V1/Consume,parsed_key_result3,POST
V1,subscribe,,AdvanceCredit,Subscribe,V1,AdvanceCredit/V1/Subscribe,parsed_key_results,POST
V1,submit,alias;amount;MSISDN,AccountBalance,OnlineOneOff,V2,AccountBalance/V2/OnlineOneOff,,POST
V1,confirm,Orderid;Statusid;MSISDN,AccountBalance,OnlineOneOffConfirmation,V2,AccountBalance/V2/OnlineOneOffConfirmation,,POST
V1,register_and_pay_apple,apple_data;apple_signature;apple_transactionId;apple_ephemeralPublicKey;apple_publicKeyHash;apple_displayName;apple_network;apple_type;Apple_ApplicationData;paymentOperation,CreditCard,RegisterAndPayApple,V1,CreditCard/V1/RegisterAndPayApple,parsed_key_result3,POST
V1,apple_pay_topup,apple_data;apple_signature;apple_transactionId;apple_ephemeralPublicKey;apple_publicKeyHash;apple_displayName;apple_network;apple_type;Apple_ApplicationData;paymentOperation;TopupAmount;MSISDN,AutoRechargeDetails,ApplePayTopup,V2,AutoRechargeDetails/V2/ApplePayTopup,parsed_key_result3,POST
V1,family_checkout,apple_data;apple_signature;apple_transactionId;apple_ephemeralPublicKey;apple_publicKeyHash;apple_displayName;apple_network;apple_type;Apple_ApplicationData;process;,FamilyPayment,SubmitFamilyTransApplePay,V3,FamilyPayment/V3/SubmitFamilyTransApplePay,parsed_key_result3,POST
V1,pay_esim,apple_data;apple_signature;apple_transactionId;apple_ephemeralPublicKey;apple_publicKeyHash;apple_displayName;apple_network;apple_type;Apple_ApplicationData;paymentOperation;MSISDN,CreditCard,PayForEsimApplePay,V1,CreditCard/V1/PayForEsimApplePay,parsed_key_result3,POST
V1,pay_extras,apple_data;apple_signature;apple_transactionId;apple_ephemeralPublicKey;apple_publicKeyHash;apple_displayName;apple_network;apple_type;Apple_ApplicationData;paymentOperation,Extras,PayForExtraApplePay,V2,Extras/V2/PayForExtraApplePay,parsed_key_result3,POST
V1,pay_replace_sim,apple_data;apple_signature;apple_transactionId;apple_ephemeralPublicKey;apple_publicKeyHash;apple_displayName;apple_network;apple_type;Apple_ApplicationData;paymentOperation;MSISDN;isIntoEsim,SimReplacment,PaymentApplePay,V1,SimReplacment/V1/PaymentApplePay,parsed_key_result3,POST
V1,request_payment_session,,,,,,,POST
V1,request_payment_session_new,,WebAppleSession,StartAppleSessionForWeb,V1,WebAppleSession/V1/StartAppleSessionForWeb,parsed_key_result3,GET
V1,submit_user_action,Action,AppRate,SubmitUserAction,V1,AppRate/V1/SubmitUserAction,parsed_key_result3,POST
V1,submit_user_rate,Action;UserRate,AppRate,SubmitUserRate,V1,AppRate/V1/SubmitUserRate,parsed_key_result3,POST
V1,get_auto_topup,MSISDN,AutoRechargeDetails,AutoRechargeDetails,V1,AutoRechargeDetails/V1/AutoRechargeDetails,parsed_key_results,GET
V1,set_auto_recharge,Amount;MSISDN;minimumRechargeBalance;AutoRechargeStatus,AutoRechargeDetails.svc,AutoRechargeDetails,V1,AutoRechargeDetails.svc/V1/AutoRechargeDetails,parsed_key_results,POST
V1,one_off,MSISDN;amount,AccountBalance,Recharge,V1,AccountBalance/V1/Recharge,parsed_key_results,POST
V1,one_off_with_cvv,MSISDN;CVV;amount,AccountBalance,RechargeOnlinePayment,V1,AccountBalance/V1/RechargeOnlinePayment,,POST
V1,confirm,,PaymentManagement.svc,ConfirmOnlinePaymentTransaction,V1,PaymentManagement.svc/V1/ConfirmOnlinePaymentTransaction,parsed_data,POST
V1,schedule_recharge,amount;MSISDN,AutoRechargeDetails,ScheduleRecharge,V1,AutoRechargeDetails/V1/ScheduleRecharge,parsed_key_results,POST
V1,get_schedule_recharge,MSISDN,AutoRechargeDetails,Scheduled,V1,AutoRechargeDetails/V1/Scheduled,parsed_key_results,GET
V1,one_time,amount;MSISDN,AutoRechargeDetails,OneTime,V1,AutoRechargeDetails/V1/OneTime,parsed_key_results,POST
V1,available_denominations,MSISDN,AutoRechargeDetails,AvailableTopupDenominations,V2,AutoRechargeDetails/V2/AvailableTopupDenominations,parsed_key_result3,GET
V1,initialize,,,,,,,
V1,merge_request_headers,,,,,,,
V1,connected,,,,,,,
V1,reconnect,,,,,,,
V1,ip,,,,,,,
V1,session_id,,,,,,,
V1,brand,,,,,,,
V1,app_version,,,,,,,
V1,connect_if_needed,,,,,,,
V1,ui_ver,,,,,,,
V1,connect,,Security,Connect,V1,Security/V1/Connect,,GET
V1,login_id,,,,,,,
V1,business_configuration,,BusinessConfiguration.svc,GetBusinessConfiguration,V1,BusinessConfiguration.svc/V1/GetBusinessConfiguration,parsed_list_data,GET
V1,mnc_code,,,,,,,
V1,expiry_date,MSISDN;boosterId,Booster,ExpieryDate,V1,Booster/V1/ExpieryDate,parsed_key_results,GET
V1,get,,Booster,Available,V1,Booster/V1/Available,parsed_key_results,GET
V1,recommended,MSISDN;serviceTypes,Booster,RecommendedBooster,V1,Booster/V1/RecommendedBooster,parsed_key_results,GET
V1,subscribe,MSISDN;planID,Booster,Subscribe,V1,Booster/V1/Subscribe,parsed_key_results,POST
V1,upselling,MSISDN,Booster,UpSellingBooster,V1,Booster/V1/UpSellingBooster,,GET
V1,booster_status,,Booster,LowBalanceFlag,V1,Booster/V1/LowBalanceFlag,parsed_key_results,GET
V1,get_calls,,NobillServiceManagement,CustomerServices,V1,NobillServiceManagement/V1/CustomerServices,parsed_key_result3,GET
V1,post_service,ServiceType;IsActivate,NobillServiceManagement,Service,V1,NobillServiceManagement/V1/Service,parsed_key_result3,POST
V1,GetServices,MSISDN,CallBarring,GetServices,V1,CallBarring/V1/GetServices,parsed_key_result3,GET
V1,Current,MSISDN,CallBarring,Current,V1,CallBarring/V1/Current,parsed_key_result3,GET
V1,Subscription_Add,MSISDN;serviceId;Countries;Numbers,CallBarring,Subscription,V1,CallBarring/V1/Subscription,parsed_key_result3,POST
V1,Subscription_Delete,MSISDN;serviceId,CallBarring,Subscription,V1,CallBarring/V1/Subscription,parsed_key_result3,DELETE
V1,subscriptionPatch,MSISDN;serviceId;action;Countries;Numbers,CallBarring,Subscription,V1,CallBarring/V1/Subscription,parsed_key_result3,PATCH
V1,Subscription_Put,MSISDN;serviceId;Countries;Numbers,CallBarring,Subscription,V1,CallBarring/V1/Subscription,parsed_key_result3,PUT
V1,get_call_history,,CallMeBack,History,V1,CallMeBack/V1/History,parsed_key_result3,GET
V1,get_limits,,CallMeBack,CheckLimitReached,V1,CallMeBack/V1/CheckLimitReached,parsed_key_result3,GET
V1,post_call,DestionationNumber,CallMeBack,Submit,V1,CallMeBack/V1/Submit,parsed_key_result3,POST
V1,details,MSISDN,Carbon,Details,V1,Carbon/V1/Details,parsed_key_result3,GET
V1,setStatus,MSISDN,Carbon,Status,V1,Carbon/V1/Status,parsed_key_result3,POST
V1,deleteStatus,MSISDN;PromotionId,Carbon,Status,V1,Carbon/V1/Status,parsed_key_result3,DELETE
V1,create_chat_session,nickname;firstname;lastname;subject;emailAddress;userDataKey1;userDataValue1;userDataKey2;userDataValue2,InAppChat,RequestChat,V1,InAppChat/V1/RequestChat,parsed_key_result3,POST
V1,track_chat_session,userId;secureKey;alias;chatId;transcriptPosition;message,InAppChat,Track,V1,InAppChat/V1/Track,parsed_key_result3,POST
V1,delete_chat_session,userId;secureKey;alias;chatId,InAppChat,DeleteSession,V1,InAppChat/V1/DeleteSession,parsed_key_result3,POST
V1,self,,,,,,,
V1,self,,,,,,,
V1,self,,,,,,,
V1,self,,,,,,,
V1,self,,,,,,,
V1,self,,,,,,,
V1,self,,,,,,,
V1,self,,,,,,,
V1,self,,,,,,,
V1,self,,,,,,,
V1,self,,,,,,,
V1,self,,,,,,,
V1,categories,,WebComplaint,GetCategoires,V1,WebComplaint/V1/GetCategoires,parsed_key_result3,GET
V1,request_otp,MSISDN;process,WebComplaint,CheckCustomerWithOTP,V1,WebComplaint/V1/CheckCustomerWithOTP,parsed_key_result3,POST
V1,verify_otp,MSISDN;OTP,WebComplaint,VerifyOTP,V1,WebComplaint/V1/VerifyOTP,parsed_key_result3,POST
V1,submit,PhoneNo;Summary;Description;TicketCategory;TicketSubCategory;Email;OTP;ContactPhone,WebComplaint,SubmitTicket,V1,WebComplaint/V1/SubmitTicket,parsed_key_result3,POST
V1,index,lang,Lookups,Country,V1,Lookups/V1/Country,parsed_key_results,GET
V1,rates,iso3,International,CountryRates,V1,International/V1/CountryRates,parsed_key_results,GET
V1,inter_countries,lang,International,PlanCountries,V1,International/V1/PlanCountries,parsed_key_results,GET
V1,zones,zoneIds,Lookups,Zones,V1,Lookups/V1/Zones,parsed_key_results,GET
V1,request_credit_transfer,,CreditTransfer,Verification,V1,CreditTransfer/V1/Verification,parsed_key_results,POST
V1,submit_credit_transfer,,CreditTransfer,Transfer,V1,CreditTransfer/V1/Transfer,parsed_key_results,POST
V1,get_credit_limit_details,MSISDN;,CreditLimitManagment,Details,V1,CreditLimitManagment/V1/Details,parsed_key_result3,GET
V1,increase_credit_limit,MSISDN;amount;PaymentMethodId,CreditLimitManagment,OfflineCreditLimitRecharge,V1,CreditLimitManagment/V1/OfflineCreditLimitRecharge,parsed_key_result3,POST
V1,increase_credit_limit_with_card,MSISDN;amount;CustomerName;skipPendingPaymentCheck;SaveCard;ALIAS;CVV,CreditLimitManagment,OnlineCreditLimitRecharge,V1,CreditLimitManagment/V1/OnlineCreditLimitRecharge,parsed_key_result3,POST
V1,increase_credit_limit_with_apple_pay,apple_data;apple_signature;apple_transactionId;apple_ephemeralPublicKey;apple_publicKeyHash;apple_displayName;apple_network;apple_type;Apple_ApplicationData;MSISDN;amount,CreditLimitManagment,OnlineCreditLimitRechargeApplePay,V1,CreditLimitManagment/V1/OnlineCreditLimitRechargeApplePay,parsed_key_result3,POST
V1,confirm_credit_limit_increase,orderId;status,CreditLimitManagment,ConfirmOnlineCreditLimitRecharge,V1,CreditLimitManagment/V1/ConfirmOnlineCreditLimitRecharge,parsed_key_result3,POST
V1,numbers,,CustomerProduct,GetCustomerNumbers,V2,CustomerProduct/V2/GetCustomerNumbers,parsed_key_results,GET
V1,promotions,MSISDN,Customer.svc,CustomerPromotions,V1,Customer.svc/V1/CustomerPromotions,parsed_key_results,GET
V1,terminated_account_numbers,email,Customer.svc,GetTerminatedAccountMSISDN,V1,Customer.svc/V1/GetTerminatedAccountMSISDN,parsed_key_results,GET
V1,isDigitalOffer,MSISDN,customer,IsDigitalOffer,V4,customer/V4/IsDigitalOffer,parsed_key_results,GET
V1,MigrationProductCode,MSISDN,CustomerProduct,MigrationProductCode,V2,CustomerProduct/V2/MigrationProductCode,parsed_key_results,GET
V1,update_language,Lang;MSISDN,CustomerProduct,UpdateLanguage,V2,CustomerProduct/V2/UpdateLanguage,parsed_key_results,POST
V1,get_customer_preference,MSISDN,MarketingAds,Status,V1,MarketingAds/V1/Status,parsed_key_result3,GET
V1,post_customer_preference,,MarketingAds,Status,V1,MarketingAds/V1/Status,parsed_key_result3,POST
V1,offers_provision,MSISDN;offerId,Offers,MvivaOffersProvision,V1,Offers/V1/MvivaOffersProvision,parsed_key_result3,GET
V1,offers,MSISDN;offerCategory,Offers,MvivaOffers,V1,Offers/V1/MvivaOffers,parsed_key_result3,GET
V1,denominations,MSISDN,DataTransfer,Denominations,V1,DataTransfer/V1/Denominations,parsed_key_result3,GET
V1,history,MSISDN,DataTransfer,History,V1,DataTransfer/V1/History,parsed_key_result3,GET
V1,validate_destination,MSISDN,DataTransfer,ValidateDataTransferDestination,V1,DataTransfer/V1/ValidateDataTransferDestination,parsed_key_result3,POST
V1,submit_data_transfer_destination,MSISDN;DestinationMSISDN;transferDenominationId,DataTransfer,SubmitDataTransferDestination,V1,DataTransfer/V1/SubmitDataTransferDestination,parsed_key_result3,POST
V1,reasons,,Deactivation,Reasons,V1,Deactivation/V1/Reasons,parsed_key_result3,GET
V1,request_otp,MSISDN;ReasonId,Deactivation,RequestOTP,V1,Deactivation/V1/RequestOTP,parsed_key_result3,POST
V1,confirm,MSISDN;OTP;ReasonId,Deactivation,Confirm,V1,Deactivation/V1/Confirm,parsed_key_result3,POST
V1,RequestOTPForWeb,MSISDN;ReasonId;IDNumber;IDType,Deactivation,RequestOTPForWeb,V1,Deactivation/V1/RequestOTPForWeb,parsed_key_result3,POST
V1,PostpaidReasons,,PostPaidPlan,SuspendReasons,V1,PostPaidPlan/V1/SuspendReasons,parsed_key_result3,GET
V1,SuspendPostPaid,MSISDN;Reason,PostPaidPlan,Suspend,V1,PostPaidPlan/V1/Suspend,parsed_key_result3,POST
V1,ReconnectPostPaid,MSISDN,PostPaidPlan,Reconnect,V1,PostPaidPlan/V1/Reconnect,parsed_key_result3,POST
V1,PostPaidTerminationTicket,IDNumber;IDType;ContactPhone;IBAN;reason,Deactivation,PostPaidTerminationTicket,V1,Deactivation/V1/PostPaidTerminationTicket,parsed_key_result3,POST
V1,CheckMSISDNType,MSISDN,Deactivation,checkMSISDNType,V1,Deactivation/V1/checkMSISDNType,parsed_key_result3,GET
V1,create,longitude;latitude;mobileNumber;navigationInstruction;customerName;customerHasSIM,ConfirmDelivery,DeliverSIMNow,V1,ConfirmDelivery/V1/DeliverSIMNow,parsed_key_results4,POST
V1,destroy,reason;deliverybookingID,ConfirmDelivery,Cancel,V1,ConfirmDelivery/V1/Cancel,parsed_key_results,POST
V1,sim_tracking,deliverybookingID,DeliveryInformation,SIMTripTracking,V1,DeliveryInformation/V1/SIMTripTracking,parsed_key_results4,GET
V1,get,deliverybookingID,DeliveryInformation.svc,SIMTrip,V1,DeliveryInformation.svc/V1/SIMTrip,parsed_key_results4,GET
V1,eta,longitude;latitude,DeliveryInformation,ETA,V1,DeliveryInformation/V1/ETA,parsed_key_results,GET
V1,delivery_cancel,reason;CVV;deliverybookingID,ConfirmDelivery,CancelOnlinePayment,V1,ConfirmDelivery/V1/CancelOnlinePayment,,POST
V1,cancellation_reasons,,,,,,,
V1,request_otp,,otp,Request,V1,otp/V1/Request,parsed_key_result3,POST
V1,verify_otp,,otp,Verify,V1,otp/V1/Verify,parsed_key_result3,POST
V1,eligibility_type,,CheckEligibility,Type,V1,CheckEligibility/V1/Type,parsed_key_results,GET
V1,available_nationalities,,CheckEligibility,Nationalities,V1,CheckEligibility/V1/Nationalities,parsed_key_results,GET
V1,available_saudi_cities,,CheckEligibility,Cities,V1,CheckEligibility/V1/Cities,parsed_key_results,GET
V1,check_eligibility,,CheckEligibility,CheckEligibility,V1,CheckEligibility/V1/CheckEligibility,parsed_key_results,POST
V1,get_check_eligibility,,FamilyCheckEligibility,FamilyCheckEligibility,V1,FamilyCheckEligibility/V1/FamilyCheckEligibility,parsed_key_results,POST
V1,is_eligible_for_postpaid,,CheckEligibility,IsEligibleForPostpaid,V2,CheckEligibility/V2/IsEligibleForPostpaid,parsed_key_result3,POST
V1,is_absher_eligible,,CheckEligibility,IsEligibleForAbsher,V1,CheckEligibility/V1/IsEligibleForAbsher,parsed_key_result3,POST
V1,send_verification_email,,Password,VerificationCode,V1,Password/V1/VerificationCode,parsed_key_results,POST
V1,validate,,Password,ValidateVerificationCode,V1,Password/V1/ValidateVerificationCode,parsed_key_results,POST
V1,validate_email,,HomeNotifications,InvalidateEmail,V1,HomeNotifications/V1/InvalidateEmail,parsed_key_results,POST
V1,request_update,,UpdateEmail,Request,V1,UpdateEmail/V1/Request,parsed_key_results,POST
V1,validate_update,,UpdateEmail,Confirm,V1,UpdateEmail/V1/Confirm,parsed_key_results,POST
V1,update_using_password,,UpdateEmail,Update,V1,UpdateEmail/V1/Update,parsed_key_result3,POST
V1,list_extras,,Extras,List,V1,Extras/V1/List,parsed_key_results,GET
V1,list_selection,,Extras,Selection,V1,Extras/V1/Selection,parsed_key_results,GET
V1,select_extra,,Extras,Selection,V1,Extras/V1/Selection,parsed_key_results,POST
V1,extras_summary,,Extras,Summary,V1,Extras/V1/Summary,parsed_key_results,GET
V1,pay,'cvv';PaymentMethodId,Extras,Payment,V2,Extras/V2/Payment,,POST
V1,delete_extra,,Extras,Delete,V1,Extras/V1/Delete,parsed_key_results,POST
V1,get_cart,,FamilyCart,Summary,V1,FamilyCart/V1/Summary,parsed_key_results,GET
V1,initial_reservation,MSISDN;Email,Family,ReserveNumber,V1,Family/V1/ReserveNumber,parsed_list_data,POST
V1,commit_reservation,,Family,commitNumber,V1,Family/V1/commitNumber,,POST
V1,pay,;,FamilyPayment,SubmitFamilyTransOnlinePayment,V1,FamilyPayment/V1/SubmitFamilyTransOnlinePayment,,POST
V1,confirm,,PaymentManagement,ConfirmOnlinePaymentTransaction,V1,PaymentManagement/V1/ConfirmOnlinePaymentTransaction,parsed_data,POST
V1,register,,Family,Register,V1,Family/V1/Register,parsed_data,POST
V1,update_tag,MSISDN;Email;TagName,Family,UpdateTagName,V1,Family/V1/UpdateTagName,parsed_data,POST
V1,remove_booking,MSISDN,Family,RemoveBooking,V1,Family/V1/RemoveBooking,parsed_list_data,POST
V1,set_primary,MSISDN;,Family,SetPrimary,V1,Family/V1/SetPrimary,parsed_list_data,POST
V1,request_topup,MSISDN;Amount,Family,RequestTopUP,V1,Family/V1/RequestTopUP,parsed_list_data,POST
V1,change_email,MSISDN;NewEmail;IsMainAccount,Family,ChangeEmail,V1,Family/V1/ChangeEmail,parsed_key_results2,POST
V1,change_number,OldMSISDN;NewMSISDN,Family,ChangeNumber,V1,Family/V1/ChangeNumber,parsed_key_results2,POST
V1,age_ranges,,Family,AgeRanges,V1,Family/V1/AgeRanges,parsed_key_results,GET
V1,set_age_range,AgeRangID;TagName,Family,SetAgeRange,V1,Family/V1/SetAgeRange,parsed_key_results2,POST
V1,save_selected_plan,selectedSubscriptionTypeIDs;PromotionCodes;ProductCode,Family,SaveSelectedPlan,V2,Family/V2/SaveSelectedPlan,parsed_key_results2,POST
V1,offers_list,MSISDN,FamilyOffers,List,V1,FamilyOffers/V1/List,parsed_key_result3,GET
V1,offer_apply,MSISDN;PromotionId,FamilyOffers,Apply,V1,FamilyOffers/V1/Apply,parsed_key_result3,POST
V1,offer_remove,MSISDN;PromotionId,FamilyOffers,Remove,V1,FamilyOffers/V1/Remove,parsed_key_result3,DELETE
V1,onboarding,,Family,Onboarding,V1,Family/V1/Onboarding,,DELETE
V1,send_otp,,Family,SendOTP,V1,Family/V1/SendOTP,parsed_key_result3,POST
V1,validate_otp,OTP,Family,ValidateOTP,V1,Family/V1/ValidateOTP,parsed_key_result3,POST
V1,self,,,,,,,
V1,self,,,,,,,
V1,self,,,,,,,
V1,self,,,,,,,
V1,self,,,,,,,
V1,self,,,,,,,
V1,self,,,,,,,
V1,self,,,,,,,
V1,self,,,,,,,
V1,submit_ticket,description;code,FAQ.svc,CreateTroubleTicket,V1,FAQ.svc/V1/CreateTroubleTicket,parsed_key_results,GET
V1,submit_rating,,,,,,,
V1,Lookups,,FraudManagement,Lookups,V1,FraudManagement/V1/Lookups,parsed_key_result3,GET
V1,CheckCustomerWithOTP,MSISDN;FraudType,FraudManagement,CheckCustomerWithOTP,V1,FraudManagement/V1/CheckCustomerWithOTP,parsed_key_result3,POST
V1,InsertFraud,ReportingMSISDN;ReportedMSISDN;UserName;FraudRequestTypeID;Notes;OTP,FraudManagement,InsertFraud,V1,FraudManagement/V1/InsertFraud,parsed_key_result3,POST
V1,friend_request,MSISDN;FriendName;FriendMSISDN,Friend,Request,V1,Friend/V1/Request,parsed_key_result3,POST
V1,confirm_with_data_share,MSISDN;FriendName;FriendMSISDN;otp,Friend,confirmtionWithDataShare,V1,Friend/V1/confirmtionWithDataShare,parsed_key_result3,POST
V1,delete_friend,MSISDN;FreindMSISDN,Friend,Delete,V1,Friend/V1/Delete,parsed_key_result3,DELETE
V1,get_game_info,MSISDN,twt,GetWPUrl,V1,twt/V1/GetWPUrl,parsed_key_result3,GET
V1,getWPPrizeHistoryUrl,MSISDN,TWT,GetWPPrizeHistoryUrl,V1,TWT/V1/GetWPPrizeHistoryUrl,parsed_key_result3,GET
V1,get_twt_eligibility,MSISDN,TWT,GetTWTeligibility,V1,TWT/V1/GetTWTeligibility,parsed_key_result3,GET
V1,self,,,,,,,
V1,get_messages,,HomeNotifications,GetHomeNotifications,V1,HomeNotifications/V1/GetHomeNotifications,parsed_key_results,GET
V1,remove_message,,HomeNotifications,DismissNotification,V1,HomeNotifications/V1/DismissNotification,parsed_key_results,POST
V1,delete_all,,HomeNotifications,DismissAll,V1,HomeNotifications/V1/DismissAll,parsed_key_results,POST
V1,message_center_summary,page;pageCount,Inbox,MessagesSummary,V1,Inbox/V1/MessagesSummary,parsed_key_result3,GET
V1,message_center_message,messageId,Inbox,MessagesDetails,V1,Inbox/V1/MessagesDetails,parsed_key_result3,GET
V1,message_center_delete_messages,messageIds,Inbox,deleteMessages,V1,Inbox/V1/deleteMessages,parsed_key_result3,POST
V1,predefined,process;ProductCode,International,PreDefined,V2,International/V2/PreDefined,parsed_key_result3,GET
V1,countries_history,Process,International,SearchHistory,V2,International/V2/SearchHistory,parsed_key_result3,GET
V1,all_countries_rate,isoCodes,International,CountriesRates,V3,International/V3/CountriesRates,,GET
V1,subscription,packCode;CountryCode;MSISDN,International,subscription,V2,International/V2/subscription,parsed_key_result3,POST
V1,available,process;ProductCode;CountryCode,International,Available,V2,International/V2/Available,parsed_key_result3,GET
V1,denominations,MSISDN,CreditTransfer,InternatiolDenominations,V2,CreditTransfer/V2/InternatiolDenominations,parsed_key_result3,GET
V1,request_otp,senderMSISDN;destinationMSISDN;destinationAmount;localTransferValue,CreditTransfer,RequestOTPForInternational,V2,CreditTransfer/V2/RequestOTPForInternational,parsed_key_result3,POST
V1,submit,senderMSISDN;destinationMSISDN;destinationAmount;localTransferValue;OTP,CreditTransfer,SubmitInternatiolDenomination,V2,CreditTransfer/V2/SubmitInternatiolDenomination,parsed_key_result3,POST
V1,get_dashboard_data,MSISDN;Latitude;Longitude;apikey,Loyalty,getDashboardData,V1,Loyalty/V1/getDashboardData,parsed_key_result3,POST
V1,get_voucher_ist,MSISDN;Latitude;Longitude;apikey,Loyalty,getMyVoucherList,V1,Loyalty/V1/getMyVoucherList,parsed_key_result3,POST
V1,total_savings,MSISDN;Latitude;Longitude;apikey,Loyalty,totalSavings,V1,Loyalty/V1/totalSavings,parsed_key_result3,POST
V1,save_feedback,MSISDN;Latitude;Longitude;apikey;feedbackContent,Loyalty,saveFeedback,V1,Loyalty/V1/saveFeedback,parsed_key_result3,POST
V1,add_to_favorite,MSISDN;Latitude;Longitude;apikey;offerID;favStatus,Loyalty,addToFavorite,V1,Loyalty/V1/addToFavorite,parsed_key_result3,POST
V1,get_offers,MSISDN;Latitude;Longitude;apikey;categoryID;offerFilter;offerSort;pageNumber;noOfRecords,Loyalty,getOffers,V1,Loyalty/V1/getOffers,parsed_key_result3,POST
V1,get_category_Offer_details,MSISDN;Latitude;Longitude;apikey;offerID,Loyalty,getCategoryOfferDetails,V1,Loyalty/V1/getCategoryOfferDetails,parsed_key_result3,POST
V1,get_favourite_offer,MSISDN;Latitude;Longitude;apikey;pageNumber;noOfRecords,Loyalty,getFavouriteOffer,V1,Loyalty/V1/getFavouriteOffer,parsed_key_result3,POST
V1,get_near_by_offers,MSISDN;Latitude;Longitude;apikey,Loyalty,getNearByOffers,V1,Loyalty/V1/getNearByOffers,parsed_key_result3,POST
V1,search_offers,MSISDN;Latitude;Longitude;apikey;searchKey;pageNumber;noOfRecords,Loyalty,searchOffers,V1,Loyalty/V1/searchOffers,parsed_key_result3,POST
V1,get_app_voucher,MSISDN;Latitude;Longitude;apikey;offerID,Loyalty,getAppVoucher,V1,Loyalty/V1/getAppVoucher,parsed_key_result3,POST
V1,app_voucher_redeem,MSISDN;Latitude;Longitude;apikey;offerID;couponCode;outletPin;redeemNow,Loyalty,appVoucherRedeem,V1,Loyalty/V1/appVoucherRedeem,parsed_key_result3,POST
V1,add_review_rating,MSISDN;Latitude;Longitude;apikey;offerID;rating;review,Loyalty,addReviewRating,V1,Loyalty/V1/addReviewRating,parsed_key_result3,POST
V1,get_saved_voucher,MSISDN;apikey,Loyalty,getSavedVoucher,V1,Loyalty/V1/getSavedVoucher,parsed_key_result3,POST
V1,save_vat,companyName;companyAddress;taxRegistrationNumber,Customer.svc,SaveVATDetails,V1,Customer.svc/V1/SaveVATDetails,parsed_key_results,GET
V1,statement,date,AccountStatement.svc,SendAccountStatement,V1,AccountStatement.svc/V1/SendAccountStatement,parsed_key_results,GET
V1,usage_history_summary,planTypes;MSISDN;filterId,UsageHistory,Summary,V1,UsageHistory/V1/Summary,,GET
V1,usage_history_summary_details,planTypes;MSISDN;filterId,UsageHistory,Details,V1,UsageHistory/V1/Details,,GET
V1,usage_history_summary_daily,planTypes;MSISDN;filterId,UsageHistory,DailySummary,V1,UsageHistory/V1/DailySummary,,GET
V1,predfined_bundles,MSISDN,,,,,,
V1,current_balance,MSISDN;process,GetCurrentBalance.svc,UserBalance,V1,GetCurrentBalance.svc/V1/UserBalance,parsed_key_results,GET
V1,get_home_notifications,,HomeNotifications.svc,GetHomeNotifications,V1,HomeNotifications.svc/V1/GetHomeNotifications,parsed_key_results,GET
V1,email_verify_callback,Email,HomeNotifications,InvalidateEmail,v1,HomeNotifications/v1/InvalidateEmail,parsed_key_results,GET
V1,dismiss_home_notifications,notificationID,HomeNotifications.svc,DismissNotification,V1,HomeNotifications.svc/V1/DismissNotification,parsed_key_results,GET
V1,recharge_account,MSISDN;amount,AccountBalance,Recharge,V1,AccountBalance/V1/Recharge,parsed_key_results,POST
V1,recharge_by_voucher,MSISDN;voucherCode,RechargeByVoucher.svc,RechargeByVoucher,V1,RechargeByVoucher.svc/V1/RechargeByVoucher,parsed_key_results,POST
V1,spending_limit,MSISDN,AccountBalance,Spendinglimit,V1,AccountBalance/V1/Spendinglimit,parsed_key_results,GET
V1,set_spending_limit,MSISDN;Spendlimitvalue,RechargeAccountBalance.svc,SetSpendinglimit,V1,RechargeAccountBalance.svc/V1/SetSpendinglimit,parsed_key_results,GET
V1,auto_recharge,MSISDN,AutoRechargeDetails.svc,AutoRechargeDetails,V1,AutoRechargeDetails.svc/V1/AutoRechargeDetails,parsed_key_results,GET
V1,set_auto_recharge,Amount;MSISDN;minimumRechargeBalance;AutoRechargeStatus,AutoRechargeDetails.svc,AutoRechargeDetails,V1,AutoRechargeDetails.svc/V1/AutoRechargeDetails,parsed_key_results,POST
V1,credit_card,,CreditCard.svc,Info,V1,CreditCard.svc/V1/Info,parsed_key_results,GET
V1,spending,MSISDN;fromDate;toDate,PaymentHistory.svc,GetSpendingTransactions,V1,PaymentHistory.svc/V1/GetSpendingTransactions,parsed_key_results,GET
V1,change_number,oldnumber;newnumber,ChangeNumber.svc,ChangeNumber,V1,ChangeNumber.svc/V1/ChangeNumber,parsed_key_results,GET
V1,change_number_fees,,LookUps.svc,ChangeNumberFees,V1,LookUps.svc/V1/ChangeNumberFees,parsed_key_results,GET
V1,subscribe_predfined_bundles,MSISDN;ID,SubscribePreDefinedBundle.svc,SubscribePreDefinedBundle,V1,SubscribePreDefinedBundle.svc/V1/SubscribePreDefinedBundle,parsed_key_results,GET
V1,last_video_verification,,LastSuccessVideoVerification.svc,GetLastSuccessVideoVerification,V1,LastSuccessVideoVerification.svc/V1/GetLastSuccessVideoVerification,parsed_key_results,GET
V1,is_verified,,IsCustomerVerified,CheckCustomerVerified,V1,IsCustomerVerified/V1/CheckCustomerVerified,parsed_key_results,GET
V1,flow_status,,Customer,FlowStatus,V1,Customer/V1/FlowStatus,parsed_key_results,GET
V1,set_flow_status,flagCode;value,Customer,FlowStatusFlag,V1,Customer/V1/FlowStatusFlag,parsed_key_results,POST
V1,current_billing_month,,LookUps.svc,CurrentTime,V1,LookUps.svc/V1/CurrentTime,parse_server_timestamp,GET
V1,LineValidityStatus,MSISDN,Customer,LineValidityStatus,v2,Customer/v2/LineValidityStatus,parsed_key_results,GET
V1,is_activation_ready,,Activation.svc,GetPostSignupProcessingStatus,V1,Activation.svc/V1/GetPostSignupProcessingStatus,parsed_key_results,GET
V1,scheduled_actions,,GetScheduledActions.svc,GetScheduledActions,V1,GetScheduledActions.svc/V1/GetScheduledActions,parsed_key_results,GET
V1,get_preferences,MSISDN,CustomerPreferences.svc,GetCustomerPreferences,V1,CustomerPreferences.svc/V1/GetCustomerPreferences,parsed_key_results,GET
V1,post_preferences,MSISDN,CustomerPreferences.svc,UpdateCustomerPreferences,V1,CustomerPreferences.svc/V1/UpdateCustomerPreferences,parsed_key_results,POST
V1,nps,rating;comment,NPS.svc,SubmitNPS,V1,NPS.svc/V1/SubmitNPS,parsed_key_results,GET
V1,payment_history,MSISDN;fromDate;toDate,PaymentHistory,Transactions,V1,PaymentHistory/V1/Transactions,,GET
V1,spending_payment_history,MSISDN;fromDate;toDate,PaymentHistory,GetSpendingTransactions,V1,PaymentHistory/V1/GetSpendingTransactions,parsed_key_results,GET
V1,payment_history_pdf,MSISDN;fromDate;toDate,PaymentHistory,PDF,V1,PaymentHistory/V1/PDF,parsed_key_results,POST
V1,submit_sim_request,fullname;email;number;address,Activation,SubmitSimRequest,V2,Activation/V2/SubmitSimRequest,parsed_key_result3,POST
V1,submit_customer_contact,Name;ContactNumber,Activation,submitCustomerContact,V1,Activation/V1/submitCustomerContact,parsed_key_result3,POST
V1,reward_history,MSISDN,Promo,RewardsHistory,V1,Promo/V1/RewardsHistory,parsed_key_result3,GET
V1,usage_summary,MSISDN,UsageHistory,UsageSummary,V2,UsageHistory/V2/UsageSummary,parsed_key_result3,GET
V1,usage_summary_download,MSISDN,UsageHistory,DownloadUsageSummary,V2,UsageHistory/V2/DownloadUsageSummary,parsed_stream_data,GET
V1,_filter_status,,,,,,,
V1,_find_key,,,,,,,
V1,_is_actived,,,,,,,
V1,codeDetails,MSISDN,MGM,CodeDetails,V1,MGM/V1/CodeDetails,parsed_key_result3,GET
V1,recentReferees,MSISDN,MGM,RecentReferees,V1,MGM/V1/RecentReferees,parsed_key_result3,GET
V1,check,MSISDN,MGM,Check,V1,MGM/V1/Check,parsed_key_result3,GET
V1,promotions,MSISDN,MGM,Promotions,V1,MGM/V1/Promotions,parsed_key_result3,GET
V1,code,MSISDN;Code,MGM,Code,V1,MGM/V1/Code,parsed_key_result3,POST
V1,available_operators,,MNP,Operators,V1,MNP/V1/Operators,parsed_key_results,GET
V1,otp,MSISDN,MNP,OTP,V1,MNP/V1/OTP,parsed_key_results,GET
V1,check_status,MSISDN,MNP,CheckStatus,V1,MNP/V1/CheckStatus,parsed_key_results,GET
V1,submit_request,MNPNumber;ContactNumber;OperatorId;OTP;process;email,MNP,SubmitFormAndVerify,v2,MNP/v2/SubmitFormAndVerify,parsed_key_results,POST
V1,resubmit_request,MSISDN;Email;process,MNP,ReBookMNP,v1,MNP/v1/ReBookMNP,parsed_key_result3,POST
V1,acknowledge_request_status,MSISDN,MNP,AcknowledgeNumberStatus,v1,MNP/v1/AcknowledgeNumberStatus,parsed_key_result3,POST
V1,cancel_mnp,MSISDN,MNP,CancelationRequest,v1,MNP/v1/CancelationRequest,parsed_key_result3,POST
V1,mnp_outstanding,MSISDN;OTP,MNP,GetMNPOutStanding,v2,MNP/v2/GetMNPOutStanding,parsed_key_results,GET
V1,number_details,MSISDN,MNP,NumberDetails,v2,MNP/v2/NumberDetails,parsed_key_results,GET
V1,self,,,,,,,
V1,self,,,,,,,
V1,self,,,,,,,
V1,self,,,,,,,
V1,self,,,,,,,
V1,remove_cc,,CreditCard,RemoveCreditCard,V1,CreditCard/V1/RemoveCreditCard,parsed_key_results,POST
V1,get_available_numbers,pageNumber;pageSize,AVNumbers,Available,V1,AVNumbers/V1/Available,parsed_key_results,GET
V1,initial_reservation,,Numbers,Reservation,V1,Numbers/V1/Reservation,parsed_list_data,POST
V1,cancel_initial_reservation,,Reservation,Cancel,V1,Reservation/V1/Cancel,,POST
V1,cancel_commit_reservation,,CancelCommitReservation,Cancel,V1,CancelCommitReservation/V1/Cancel,,GET
V1,search,searchPattern;pageNumber;pageSize;MNCCode,SearchNumber,SearchNumber,V1,SearchNumber/V1/SearchNumber,parsed_search_data,GET
V1,initial_booking_numbers,,Booked,initial,V1,Booked/V1/initial,parsed_list_data,GET
V1,commited_booking_numbers,,Booked,Commited,V1,Booked/V1/Commited,parsed_list_data,GET
V1,commit_reservation,,,,,,,
V1,_commit_reservation,,Number,CommitReservation,V1,Number/V1/CommitReservation,,POST
V1,_commit_reservation_mnp,;;,CommitReservation.svc,commitReservationForMNP,V1,CommitReservation.svc/V1/commitReservationForMNP,,GET
V1,reserve_number_without_check,,ReserveNumbersWithoutCheck.svc,ReservationWithoutCheck,V1,ReserveNumbersWithoutCheck.svc/V1/ReservationWithoutCheck,parse_results_as_it_is,GET
V1,register_alias,,CreditCard,RegisterWVerifyPayFort,V1,CreditCard/V1/RegisterWVerifyPayFort,,POST
V1,confirm_commit_reservation,,CreditCard,ConfirmRegistrationPayFort,V1,CreditCard/V1/ConfirmRegistrationPayFort,parsed_data,POST
V1,confirm_registration_and_commit_number,,CreditCard,ConfirmRegistrationAndCommitNumber,v3,CreditCard/v3/ConfirmRegistrationAndCommitNumber,parsed_data,POST
V1,update_number_tag_name,,VerificationDetails.svc,UpdateNumberTagName,V1,VerificationDetails.svc/V1/UpdateNumberTagName,parsed_data,POST
V1,unfreeze,,UnFreezeAccount.svc,UnFreezeMyAccount,V1,UnFreezeAccount.svc/V1/UnFreezeMyAccount,,GET
V1,is_eligible,"""ALIAS"";""fortResponse""",CreditCard.svc,CheckEligibility,V1,CreditCard.svc/V1/CheckEligibility,parsed_key_results,POST
V1,mnp_number,,,,,,,
V1,retry,"""MSISDN""",PaymentManagement.svc,RetryPayment,V1,PaymentManagement.svc/V1/RetryPayment,parsed_key_results,GET
V1,skip,"""flagCode"";""value""",GetUserProfile.svc,SetFlowStatusFlag,V2,GetUserProfile.svc/V2/SetFlowStatusFlag,parsed_key_results,GET
V1,numbers_based_on_reservation,reservationTypes,Booked,Reservation,V1,Booked/V1/Reservation,parsed_list_data,GET
V1,random_reservation,,Numbers,Random,V1,Numbers/V1/Random,parse_results_as_it_is,POST
V1,vanity_details,,Vanity,VanityDetails,V1,Vanity/V1/VanityDetails,parsed_key_results,GET
V1,is_virgin,MSISDN,CustomerProduct,ValidateMSISDN,V1,CustomerProduct/V1/ValidateMSISDN,parsed_key_results,POST
V1,random_confirmation,,Numbers,RandomConfirmation,V1,Numbers/V1/RandomConfirmation,parsed_key_results,POST
V1,set_avatar_name,MSISDN;AvatarName,CustomerProduct,SetNumberAvatar,V2,CustomerProduct/V2/SetNumberAvatar,parsed_key_result3,POST
V1,knet_onboarding,,CreditCard,KnetOnboarding,V1,CreditCard/V1/KnetOnboarding,parsed_key_result3,POST
V1,pay_onboarding,ALIAS;CustomerName;CVV;SaveCard,CreditCard,PayOnboarding,V1,CreditCard/V1/PayOnboarding,parsed_list_data,POST
V1,is_eligible_kw,"""ALIAS"";""CardNumber"";""ExpiryDate""",CreditCard,CheckEligibility,V2,CreditCard/V2/CheckEligibility,parsed_key_results,POST
V1,epass,"""""",api,process,V1,api/V1/process,parsed_key_result3,POST
V1,list,MSISDN,Offers,List,V1,Offers/V1/List,parsed_key_result3,GET
V1,apply,MSISDN;PromotionId,Offers,Apply,V1,Offers/V1/Apply,parsed_key_result3,POST
V1,remove,MSISDN;PromotionId,Offers,Remove,V1,Offers/V1/Remove,parsed_key_result3,DELETE
V1,send_otp,MSISDN;FlowType;ServicesIDs;AutoRenew,HomeNotifications,PushOTP,V1,HomeNotifications/V1/PushOTP,parsed_key_results,POST
V1,validate_otp,MSISDN;FlowType;OTP,HomeNotifications,VerifyOTP,V1,HomeNotifications/V1/VerifyOTP,parsed_key_results,POST
V1,check_submit,CivilID,PACI,CheckAndSubmitPACI,V1,PACI/V1/CheckAndSubmitPACI,parsed_key_result3,GET
V1,check_expiry_date,,PACI,CheckExpiryDate,V1,PACI/V1/CheckExpiryDate,parsed_key_result3,GET
V1,status,,PACI,StatusPACI,V1,PACI/V1/StatusPACI,parsed_key_result3,GET
V1,get_current_pack,MSISDN;isIncludePromotion,Available,CurrentPacks,V4,Available/V4/CurrentPacks,parsed_key_result3,GET
V1,pack_opt_in,MSISDN,Available,optin,V5,Available/V5/optin,parsed_key_result3,POST
V1,get_available_pack,MSISDN;producCodes;ServiceTypes;packType;filter;sort,Available,AvailablePacks,V4,Available/V4/AvailablePacks,parsed_key_result3,GET
V1,subscribe_pack,MSISDN;packCode,Plans,PackSubscribe,V3,Plans/V3/PackSubscribe,parsed_key_result3,POST
V1,get_pack_details,MSISDN;SeviceIds;includingMVIVA,Available,PackDetails,V4,Available/V4/PackDetails,parsed_key_result3,GET
V1,evaluate_content_services,MSISDN;Code;ServicesIDs,Available,EvaluateContentServices,V4,Available/V4/EvaluateContentServices,parsed_key_result3,GET
V1,set_password,,Password,Set,V1,Password/V1/Set,parsed_data_status,POST
V1,change_password,,Password,Change,V1,Password/V1/Change,parsed_data,POST
V1,verify_password,,Password.svc,Verify,V1,Password.svc/V1/Verify,parsed_data,POST
V1,send_reset_password_email,,Password.svc,ResetPasswordEmail,V1,Password.svc/V1/ResetPasswordEmail,parsed_data,POST
V1,validate_verification_code,,Password.svc,ValidateVerificationCode,V1,Password.svc/V1/ValidateVerificationCode,parsed_list_data,POST
V1,reset_password_otp,,Password.svc,ResetPasswordOTP,V1,Password.svc/V1/ResetPasswordOTP,parsed_data,POST
V1,set_default_payment_method,PaymentMethodId,AccountBalance,SetOneOffPaymentMethod,V2,AccountBalance/V2/SetOneOffPaymentMethod,parsed_key_result3,POST
V1,user_payments_methods,,CreditCard,UserPaymentMethods,V1,CreditCard/V1/UserPaymentMethods,parsed_key_result3,GET
V1,remove_payments_methods,PaymentMethodID,CreditCard,RemovePaymentMethod,V1,CreditCard/V1/RemovePaymentMethod,parsed_key_result3,POST
V1,confirm,,PaymentManagement.svc,ConfirmOnlinePaymentTransaction,V1,PaymentManagement.svc/V1/ConfirmOnlinePaymentTransaction,parsed_data,POST
V1,plan,MSISDN;transactionType;CVV,PaymentManagement.svc,SubmitPlanTransOnlinePayment,V1,PaymentManagement.svc/V1/SubmitPlanTransOnlinePayment,,POST
V1,plan_with_alias,ALIAS;CVV;customerName,CreditCard,PayWRegistration,V1,CreditCard/V1/PayWRegistration,,POST
V1,recharge,MSISDN;CVV;amount,AccountBalance,RechargeOnlinePayment,V1,AccountBalance/V1/RechargeOnlinePayment,,POST
V1,delivery_cancel,reason;CVV,ConfirmDelivery.svc,CancelDeliveryOnlinePayment,V2,ConfirmDelivery.svc/V2/CancelDeliveryOnlinePayment,,GET
V1,change_number,oldnumber;newnumber;CVV,ChangeNumber.svc,ChangeNumberOnlinePayment,V1,ChangeNumber.svc/V1/ChangeNumberOnlinePayment,,GET
V1,pending,,PaymentManagement.svc,GetPendingPayments,V1,PaymentManagement.svc/V1/GetPendingPayments,parsed_key_results,GET
V1,register_card_with_recharge,ALIAS;CVV;customerName,CreditCard,RegisterCardWithRecharge,V1,CreditCard/V1/RegisterCardWithRecharge,,POST
V1,cart_items_count,,Plans,CartItemsCount,V1,Plans/V1/CartItemsCount,,GET
V1,pay_esim,PaymentMethodId;CVV;MSISDN,CreditCard,PayForEsim,V1,CreditCard/V1/PayForEsim,,POST
V1,recharge_using_debit_card,MSISDN;PaymentAmount,AccountBalance,RechargeUsingDebitCardWeb,V2,AccountBalance/V2/RechargeUsingDebitCardWeb,parsed_key_result3,POST
V1,confirm_recharge_using_debit_card,MSISDN;OrderID;Status,AccountBalance,ConfirmRechargeUsingDebitCardWeb,V2,AccountBalance/V2/ConfirmRechargeUsingDebitCardWeb,parsed_key_result3,POST
V1,payOnboarding,ALIAS;CustomerName;CVV;SaveCard;AutoTopup,CreditCard,PayOnboarding,V1,CreditCard/V1/PayOnboarding,parsed_key_result3,POST
V1,paySelfcare,MSISDN;Amount;ALIAS;CustomerName;CVV;SaveCard;skipPendingPaymentCheck,AccountBalance,PaySelfcare,V2,AccountBalance/V2/PaySelfcare,parsed_key_result3,POST
V1,knet_payment,MSISDN;Amount;Process,CreditCard,KNETPayment,V1,CreditCard/V1/KNETPayment,parsed_key_result3,POST
V1,confirm_zero_payment,,CreditCard,ConfirmZeroPayment,V1,CreditCard/V1/ConfirmZeroPayment,parsed_key_result3,POST
V1,CompleteOnboardingPayment,CVV;PaymentMethodId,CreditCard,CompleteOnboardingPayment,V1,CreditCard/V1/CompleteOnboardingPayment,parsed_key_result3,POST
V1,KnetOnlineOneOff,MSISDN;Amount,AccountBalance,KnetOnlineOneOff,V2,AccountBalance/V2/KnetOnlineOneOff,parsed_key_result3,POST
V1,checkAuthorizationStatus,,CreditCard,checkAuthorizeStatus,V1,CreditCard/V1/checkAuthorizeStatus,parsed_key_result3,GET
V1,get_payg_data,,PAYGManagement,PAYGData,V1,PAYGManagement/V1/PAYGData,parsed_key_results,GET
V1,post_payg_data,IsActivate,PAYGManagement,PAYGData,V1,PAYGManagement/V1/PAYGData,parsed_key_results,POST
V1,update_auto_renew,MSISDN;IsEnable;SubscriptionId,plans,UpdateAutoRenew,V3,plans/V3/UpdateAutoRenew,parsed_key_results,POST
V1,payg_rates,MSISDN,PAYGManagement,PAYGRates,V1,PAYGManagement/V1/PAYGRates,parsed_key_results,GET
V1,get_roaming_payg_data,,PAYGManagement,RoamingPAYGData,V1,PAYGManagement/V1/RoamingPAYGData,parsed_key_results,GET
V1,post_roaming_payg_data,Activate,PAYGManagement,RoamingPAYGData,V1,PAYGManagement/V1/RoamingPAYGData,parsed_key_results,POST
V1,summary,isIncludePromotion,plans,confirmation,V2,plans/V2/confirmation,parsed_key_results,GET
V1,package_pricing,MSISDN,Pakages,Pricing,V1,Pakages/V1/Pricing,parsed_key_results,GET
V1,starter_plan,,GetStarterPlan.svc,GetPlanData,V1,GetStarterPlan.svc/V1/GetPlanData,parsed_list_data,GET
V1,current_plans,,GetPlans.svc,GetCurrentPlans,V1,GetPlans.svc/V1/GetCurrentPlans,parsed_list_data,GET
V1,available_plans,serviceTypes,Available,Plans,V1,Available/V1/Plans,,GET
V1,reactivate_plans,MSISDN,Available,RetryRenewal,V1,Available/V1/RetryRenewal,parsed_key_results,POST
V1,subscribe,MSISDN;PlanID,Plans,Subscription,V1,Plans/V1/Subscription,parsed_key_result3,POST
V1,unsubscribe,MSISDN;ID,SubscribePlans.svc,Unsubscribe,V1,SubscribePlans.svc/V1/Unsubscribe,parsed_data,GET
V1,change,MSISDN;newID;PromotionCodes,Change.svc,Plan,V3,Change.svc/V3/Plan,parsed_key_results,POST
V1,next_renewal,MSISDN,Available.svc,NextRenewal,V1,Available.svc/V1/NextRenewal,parsed_key_results,GET
V1,is_eligible_for_doubling_data_offer,MSISDN,Available,IsApplicableForDataDoubling,V1,Available/V1/IsApplicableForDataDoubling,parsed_key_results,GET
V1,package_price,MSISDN;subscriptionTypeIDs,GetPlans.svc,GetPackagePrice,V1,GetPlans.svc/V1/GetPackagePrice,parsed_key_results,GET
V1,save_predefined_bundle,ID,SubscribePreDefinedBundle.svc,SaveSelectedPreDefinedBundle,V1,SubscribePreDefinedBundle.svc/V1/SaveSelectedPreDefinedBundle,parsed_data,GET
V1,get_available_roaming_data_plans,,RoamingPlans.svc,Data,V1,RoamingPlans.svc/V1/Data,,GET
V1,get_current_roaming_plans,MSISDN,RoamingPlans.svc,Current,V1,RoamingPlans.svc/V1/Current,,GET
V1,get_saved_plans,,Plans.svc,Saved,V1,Plans.svc/V1/Saved,,GET
V1,post_saved_plans,selectedSubscriptionTypeIDs;PromotionCodes,Plans.svc,SaveSelected,V2,Plans.svc/V2/SaveSelected,parsed_key_results,POST
V1,has_eligible_plan_for_update,MSISDN,Change,HasEligiblePlanForUpdate,V2,Change/V2/HasEligiblePlanForUpdate,parsed_key_result3,GET
V1,available_and_bundles,MSISDN;serviceTypes,GetPlans.svc,GetAvailablePlansWithBundles,V1,GetPlans.svc/V1/GetAvailablePlansWithBundles,parsed_list_data,GET
V1,recommended_plans,,GetPlans.svc,GetRecommendedPlans,V1,GetPlans.svc/V1/GetRecommendedPlans,,GET
V1,latest_plans,,,,,,,
V1,_current_plans,,Available,Current,V2,Available/V2/Current,parsed_key_results,GET
V1,is_upgrade_plan,DistinationPlanIds;MSISDN,Change,IsUpgradePlan,V1,Change/V1/IsUpgradePlan,parsed_key_results,GET
V1,plan_upgrade_cost,DistinationPlanIds;MSISDN,Change,PlanUpgradeCost,V1,Change/V1/PlanUpgradeCost,parsed_key_results,GET
V1,upgrade,DistinationPlanIds;MSISDN;PromotionCodes,Change,UpgradePlan,V3,Change/V3/UpgradePlan,parsed_key_results,POST
V1,renew_now,MSISDN;PromotionCodes,Change,ReNewNow,V2,Change/V2/ReNewNow,parsed_key_results,POST
V1,countries_rates,iso3,International,CountryRates,V1,International/V1/CountryRates,parsed_key_results2,GET
V1,all_countries_rates,isoCodes,International,CountriesRates,V1,International/V1/CountriesRates,parsed_key_results2,GET
V1,plan_status,MSISDN;ServiceType,Available,GetContentSubscriptionStatus,V4,Available/V4/GetContentSubscriptionStatus,parsed_key_result3,GET
V1,stop_subscription_renewal,MSISDN;SubscriptionId,Available,StopSubscriptionRenewal,V4,Available/V4/StopSubscriptionRenewal,parsed_key_result3,POST
V1,retry_subscription_renewal,MSISDN;SubscriptionId,Plans,RetrySubscriptionRenewal,V3,Plans/V3/RetrySubscriptionRenewal,parsed_key_result3,POST
V1,activate_promo_now,MSISDN;PromotionId,Plans,ActivatePromotionNow,V3,Plans/V3/ActivatePromotionNow,parsed_key_result3,POST
V1,confirm_renew_now,MSISDN;PromotionCodes;Password,Change,ConfirmRenewNow,V2,Change/V2/ConfirmRenewNow,parsed_key_result3,POST
V1,has_eligiable_plan_for_update,MSISDN,Change,HasEligiblePlanForlJpdate,V2,Change/V2/HasEligiblePlanForlJpdate,parsed_key_result3,GET
V1,activate_service_bundle,MSISDN;ServiceID,Plans,ActivateServiceBundle,V3,Plans/V3/ActivateServiceBundle,parsed_key_result3,POST
V1,switch_content_service,fromServiseId;ToServiseId;MSISDN;promotionCode,Available,SwitchContentService,v4,Available/v4/SwitchContentService,parsed_key_result3,POST
V1,content_services,MSISDN;selectedSubscriptionTypeIDs,Available,AvaliableContentServices,v4,Available/v4/AvaliableContentServices,parsed_key_result3,GET
V1,schedule_pause_plan,MSISDN,Pause,Plan,V2,Pause/V2/Plan,parsed_key_results,POST
V1,cancel_pause_plan,MSISDN;subscriptionId,Pause,CancelSchedule,V2,Pause/V2/CancelSchedule,parsed_key_results,POST
V1,resume_pause_plan,MSISDN;planIDs;PromotionCodes,Pause.svc,Resume,V2,Pause.svc/V2/Resume,parsed_key_results,POST
V1,summary,MSISDN;ServiceType,PlanShare,Summary,V1,PlanShare/V1/Summary,parsed_key_result3,GET
V1,request_more_data,MSISDN;CustomerMSISDN,PlanShare,RequestMoreData,V1,PlanShare/V1/RequestMoreData,parsed_key_result3,POST
V1,add_plan_notify,MSISDN;UserMSISDN,PlanShare,NotifyUserToAddPlan,V1,PlanShare/V1/NotifyUserToAddPlan,parsed_key_result3,POST
V1,update_plan_pool,MSISDN,PlanShare,Update,V1,PlanShare/V1/Update,parsed_key_result3,POST
V1,set_main_number,MSISDN,PlanShare,MainNumber,V1,PlanShare/V1/MainNumber,parsed_key_result3,POST
V1,consumer_status,MSISDN;ServiceType,PlanShare,Consumer,V1,PlanShare/V1/Consumer,parsed_key_result3,GET
V1,delete_plan_pool,MSISDN;PlanShareId,PlanShare,Delete,V1,PlanShare/V1/Delete,parsed_key_result3,DELETE
V1,status,MSISDN;ServiceType,PlanShare,Status,V1,PlanShare/V1/Status,parsed_key_result3,GET
V1,get_suspenssion,MSISDN,PlanSuspenssion,Suspend,V1,PlanSuspenssion/V1/Suspend,parsed_key_result3,GET
V1,post_suspenssion,MSISDN,PlanSuspenssion,Suspend,V1,PlanSuspenssion/V1/Suspend,parsed_key_result3,POST
V1,post_extention,MSISDN,PlanSuspenssion,Extention,V1,PlanSuspenssion/V1/Extention,parsed_key_result3,POST
V1,delete_suspenssion,MSISDN,PlanSuspenssion,Suspend,V1,PlanSuspenssion/V1/Suspend,parsed_key_result3,DELETE
V1,delete_extention,MSISDN,PlanSuspenssion,Extention,V1,PlanSuspenssion/V1/Extention,parsed_key_result3,DELETE
V1,self,,,,,,,
V1,self,,,,,,,
V1,self,,,,,,,
V1,self,lang,,,,,,
V1,self,filter_translation_lang_ids,,,,,,
V1,self,filter_translation_lang_ids,,,,,,
V1,get_postpaid_bills,MSISDN;NumberOfRecords,PostPaidBillManagment,InvoicesList,V1,PostPaidBillManagment/V1/InvoicesList,parsed_key_result3,GET
V1,pending_invoices_details,InvoiceNo;,PostPaidBillManagment,PendingInvoiceDetails,V1,PostPaidBillManagment/V1/PendingInvoiceDetails,parsed_key_result3,GET
V1,download_bill,InvoiceNo,PostPaidBillManagment,DownloadBillInvoice,V1,PostPaidBillManagment/V1/DownloadBillInvoice,parsed_key_result3,GET
V1,pay_bill,MSISDN;amount;PaymentMethodId,PostPaidBillManagment,OfflineBillPayment,V1,PostPaidBillManagment/V1/OfflineBillPayment,parsed_key_result3,POST
V1,pay_bill_with_card,MSISDN;amount;CustomerName;skipPendingPaymentCheck;SaveCard;ALIAS;CVV,PostPaidBillManagment,OnlineBillPayment,V1,PostPaidBillManagment/V1/OnlineBillPayment,parsed_key_result3,POST
V1,pay_with_new_card_web,MSISDN;amount;ALIAS;,PostPaidBillManagment,OnlineBillPaymentForWeb,V1,PostPaidBillManagment/V1/OnlineBillPaymentForWeb,parsed_key_result3,POST
V1,pay_bill_with_apple_pay,apple_data;apple_signature;apple_transactionId;apple_ephemeralPublicKey;apple_publicKeyHash;apple_displayName;apple_network;apple_type;Apple_ApplicationData;MSISDN;amount,PostPaidBillManagment,OnlineBillPaymentApplePay,V1,PostPaidBillManagment/V1/OnlineBillPaymentApplePay,parsed_key_result3,POST
V1,pay_bill_with_apple_pay_web,apple_data;apple_signature;apple_transactionId;apple_ephemeralPublicKey;apple_publicKeyHash;apple_displayName;apple_network;apple_type;Apple_ApplicationData;MSISDN;amount,PostPaidBillManagment,OnlineBillPaymentApplePayForWeb,V1,PostPaidBillManagment/V1/OnlineBillPaymentApplePayForWeb,parsed_key_result3,POST
V1,confirm_bill_payment,orderId;status,PostPaidBillManagment,ConfirmOnlineBillPayment,V1,PostPaidBillManagment/V1/ConfirmOnlineBillPayment,parsed_key_result3,POST
V1,confirm_bill_payment_web,orderId;Statusid,PostPaidBillManagment,BillPaymentConfirmationForWeb,V1,PostPaidBillManagment/V1/BillPaymentConfirmationForWeb,parsed_key_result3,POST
V1,get_full_outstanding,MSISDN;,PostPaidBillManagment,FullOutstandingAmount,V1,PostPaidBillManagment/V1/FullOutstandingAmount,parsed_key_result3,GET
V1,get_exchange_plan_summary,MSISDN;PPLCode,PostPaidPlan,ExchangePlanSummary,V1,PostPaidPlan/V1/ExchangePlanSummary,parsed_key_result3,GET
V1,preToPostMigrationCheckEligibility,,PostPaidPlan,MigrationCheckEligibility,V1,PostPaidPlan/V1/MigrationCheckEligibility,parsed_key_results,GET
V1,get_plan_upgrade_details,currentCode;nextcode,PostPaidPlan,UpgradePlanDetails,V1,PostPaidPlan/V1/UpgradePlanDetails,parsed_key_result3,GET
V1,get_downgrade_details,MSISDN,PostPaidPlan,DowngradeDetails,V1,PostPaidPlan/V1/DowngradeDetails,parsed_key_result3,GET
V1,cancel_downgrade,MSISDN,PostPaidPlan,CancelDowngrade,V1,PostPaidPlan/V1/CancelDowngrade,parsed_key_result3,POST
V1,pay_offline_exchange_plan_payment,MSISDN;amount;AdvancedPaymentAmount;DepositAmount;PaymentMethodId;PPLCode,PostPaidPlan,OfflineExchangePlanPayment,V1,PostPaidPlan/V1/OfflineExchangePlanPayment,parsed_key_result3,POST
V1,pay_online_exchange_plan_payment,MSISDN;amount;AdvancedPaymentAmount;DepositAmount;PPLCode;CustomerName;skipPendingPaymentCheck;SaveCard;ALIAS;CVV,PostPaidPlan,OnlineExchangePlanPayment,V1,PostPaidPlan/V1/OnlineExchangePlanPayment,parsed_key_result3,POST
V1,pay_offline_exchange_plan_payment_apple_pay,apple_data;apple_signature;apple_transactionId;apple_ephemeralPublicKey;apple_publicKeyHash;apple_displayName;apple_network;apple_type;Apple_ApplicationData;MSISDN;amount;AdvancedPaymentAmount;DepositAmount;PPLCode,PostPaidPlan,OnlineExchangePlanApplePay,V1,PostPaidPlan/V1/OnlineExchangePlanApplePay,parsed_key_result3,POST
V1,confirm_online_exchange_plan_payment,orderId;status;AdvancedPaymentAmount;DepositAmount;PPLCode;MSISDN;SkipPayment,PostPaidPlan,ConfirmOnlineExchangePlanPayment,V1,PostPaidPlan/V1/ConfirmOnlineExchangePlanPayment,parsed_key_result3,POST
V1,pay_offline_migrate_pretopost_payment,MSISDN;amount;AdvancedPaymentAmount;DepositAmount;PaymentMethodId;PPLCode;AbshirOTP,PostPaidPlan,OfflineMigratePreToPostPayment,V1,PostPaidPlan/V1/OfflineMigratePreToPostPayment,parsed_key_result3,POST
V1,pay_online_migrate_pretopost_payment,MSISDN;amount;AdvancedPaymentAmount;DepositAmount;PPLCode;CustomerName;skipPendingPaymentCheck;SaveCard;ALIAS;CVV;AbshirOTP,PostPaidPlan,OnlineMigratePreToPostPayment,V1,PostPaidPlan/V1/OnlineMigratePreToPostPayment,parsed_key_result3,POST
V1,pay_offline_migrate_pretopost_payment_apple_pay,apple_data;apple_signature;apple_transactionId;apple_ephemeralPublicKey;apple_publicKeyHash;apple_displayName;apple_network;apple_type;Apple_ApplicationData;MSISDN;amount;AdvancedPaymentAmount;DepositAmount;PPLCode;AbshirOTP,PostPaidPlan,OnlineMigratePreToPostApplePay,V1,PostPaidPlan/V1/OnlineMigratePreToPostApplePay,parsed_key_result3,POST
V1,confirm_online_migrate_pretopost_payment,orderId;status;AdvancedPaymentAmount;DepositAmount;PPLCode;AbshirOTP,PostPaidPlan,ConfirmOnlineMigratePreToPostPayment,V1,PostPaidPlan/V1/ConfirmOnlineMigratePreToPostPayment,parsed_key_result3,POST
V1,upselling_plan,MSISDN;productCodes;isIncludePromotion,PreDefined,UpsellingPlan,V3,PreDefined/V3/UpsellingPlan,parsed_key_result3,GET
V1,retry_renewal,MSISDN;Promocode;SubscriptionIds,Change,RetryRenwal,v2,Change/v2/RetryRenwal,parsed_key_result3,POST
V1,get_products,,Products.svc,ProductList,V1,Products.svc/V1/ProductList,parsed_key_results,GET
V1,get_products_with_plan,productCategory,Product.svc,GetProductListWithPlan,V1,Product.svc/V1/GetProductListWithPlan,parsed_key_results,GET
V1,get_product,ProductId,Products.svc,Product,V1,Products.svc/V1/Product,parsed_key_results,GET
V1,select_and_save,,Products.svc,SelectAndSave,V1,Products.svc/V1/SelectAndSave,parsed_key_results,POST
V1,select,,Products.svc,SelectProduct,V1,Products.svc/V1/SelectProduct,parsed_key_results,POST
V1,save,productCode,CustomerProduct.svc,SaveProduct,V1,CustomerProduct.svc/V1/SaveProduct,parsed_key_results,POST
V1,get_current_product,,CustomerProduct.svc,SavedProduct,V1,CustomerProduct.svc/V1/SavedProduct,parsed_key_results,GET
V1,get_products_by_category,productAttribute,Products,ProductsByAttribute,V1,Products/V1/ProductsByAttribute,parsed_key_results,GET
V1,get_available_plans_by_product_code,productCodes;serviceTypes;includeVanityPlan;zoneIds,Available.svc,AvailablePlansByProductCode,v2,Available.svc/v2/AvailablePlansByProductCode,parsed_key_results,GET
V1,get_predefined_bundles,productCodes,PreDefined.svc,PreDefined,V1,PreDefined.svc/V1/PreDefined,parsed_key_results,GET
V1,CheckLineValidityEligibility,MSISDN,Available,CheckLineValidityEligibility,v4,Available/v4/CheckLineValidityEligibility,parsed_key_results,GET
V1,get_code,MSISDN,Promo,Code,V1,Promo/V1/Code,parsed_key_results,GET
V1,post_code,MSISDN;Code,Promo,Code,V1,Promo/V1/Code,parsed_key_results,POST
V1,check_code,MSISDN;Code,Promo,Check,V1,Promo/V1/Check,parsed_key_results,GET
V1,redeem_code,MSISDN;Code,Promo,Redeem,V1,Promo/V1/Redeem,parsed_key_results,POST
V1,get_saved_promo_details,,Promo,GetSavedPromoDetails,V1,Promo/V1/GetSavedPromoDetails,parsed_key_results,GET
V1,get_events_promo,EventName;MSISDN,Promo,AvailableEventsPromotion,V1,Promo/V1/AvailableEventsPromotion,parsed_key_result3,GET
V1,redeem_events_promo,EventName;MSISDN;Code,Promo,RedeemEventPromotion,V1,Promo/V1/RedeemEventPromotion,parsed_key_result3,POST
V1,redeem_cvm_offer,MSISDN;UID,Promo,RedeemCVMoffer,V1,Promo/V1/RedeemCVMoffer,parsed_key_result3,POST
V1,available_events,EventName;MSISDN,Promo,AvailableEvents,V1,Promo/V1/AvailableEvents,parsed_key_result3,GET
V1,Summary,,QuickTopUp,Summary,V1,QuickTopUp/V1/Summary,parsed_key_result3,GET
V1,NumberElgibility,MSISDN,QuickTopUp,NumberElgibility,V1,QuickTopUp/V1/NumberElgibility,parsed_key_result3,GET
V1,KnetOnlineOneOff,,QuickTopUp,KnetOnlineOneOff,V1,QuickTopUp/V1/KnetOnlineOneOff,parsed_key_result3,POST
V1,OnlineOneOffApplePay,apple_data;apple_signature;apple_transactionId;apple_ephemeralPublicKey;apple_publicKeyHash;apple_displayName;apple_network;apple_type;Apple_ApplicationData;,QuickTopUp,OnlineOneOffApplePay,V1,QuickTopUp/V1/OnlineOneOffApplePay,parsed_key_result3,POST
V1,OnlineOneOffConfirmation,Orderid;Statusid,QuickTopUp,OnlineOneOffConfirmation,V1,QuickTopUp/V1/OnlineOneOffConfirmation,parsed_key_result3,POST
V1,OnlineOneOff,alias,QuickTopUp,OnlineOneOff,V1,QuickTopUp/V1/OnlineOneOff,parsed_key_result3,POST
V1,DebitOnlineOneOff,,QuickTopUp,DebitOnlineOneOff,V1,QuickTopUp/V1/DebitOnlineOneOff,parsed_key_result3,POST
V1,ConfirmRechargeUsingDebitCardWeb,OrderID;Status,QuickTopUp,ConfirmRechargeUsingDebitCardWeb,V1,QuickTopUp/V1/ConfirmRechargeUsingDebitCardWeb,parsed_key_result3,POST
V1,daily_rewards_eligibility,MSISDN,Reward,DailyRewardsEligibility,V1,Reward/V1/DailyRewardsEligibility,parsed_key_result3,GET
V1,confirm_win,MSISDN;SliceId,Reward,ConfirmWIN,V1,Reward/V1/ConfirmWIN,parsed_key_result3,POST
V1,roaming_predefined,ProductCode,RoamingPlans,PreDefined,V1,RoamingPlans/V1/PreDefined,parsed_key_results,GET
V1,roaming_available,ProductCode;CountryCode,RoamingPlans,Available,V1,RoamingPlans/V1/Available,parsed_key_results,GET
V1,roaming_subscription,packCode;CountryCode,RoamingPlans,subscription,V1,RoamingPlans/V1/subscription,parsed_key_results,POST
V1,roaming_current,MSISDN,RoamingPlans,Current,V1,RoamingPlans/V1/Current,parsed_key_results,GET
V1,self,,,,,,,
V1,login,,Login.svc,Login,V1,Login.svc/V1/Login,parsed_user_data,POST
V1,login_with_number,,Login.svc,LoginByMsisdn,V1,Login.svc/V1/LoginByMsisdn,parsed_user_data,POST
V1,_login,,,,,,,
V1,login_by_device_id,,Login.svc,DeviceID,V1,Login.svc/V1/DeviceID,parsed_user_data,POST
V1,unregister,,Login.svc,UnRegister,V1,Login.svc/V1/UnRegister,parsed_user_data,GET
V1,profile,,Customer.svc,Profile,v2,Customer.svc/v2/Profile,parsed_user_data,GET
V1,email,,,,,,,
V1,check_email,,Email,Check,V1,Email/V1/Check,parsed_data_status,POST
V1,check_email_new,,Check,Email,V1,Check/V1/Email,parsed_data_status,POST
V1,check_number,,Check,MSISDN,V1,Check/V1/MSISDN,parsed_data_status,POST
V1,send_otp,,Check,SendOTP,V1,Check/V1/SendOTP,parsed_data_status,POST
V1,logout,,Login,LogOut,V1,Login/V1/LogOut,parsed_data,POST
V1,set_password,,Password,Set,V1,Password/V1/Set,parsed_data_status,POST
V1,change_password,,Password.svc,Change,V1,Password.svc/V1/Change,parsed_data,POST
V1,send_reset_password_email,,Password.svc,ResetPasswordEmail,V1,Password.svc/V1/ResetPasswordEmail,parsed_data,GET
V1,send_verification_email,,Password.svc,VerificationCode,V1,Password.svc/V1/VerificationCode,parsed_data_status,POST
V1,verify_password,,Password.svc,Verify,V1,Password.svc/V1/Verify,parsed_data,POST
V1,social_login,,Login.svc,Social,V2,Login.svc/V2/Social,parsed_user_data,POST
V1,validate_verification_code,,Password.svc,ValidateVerificationCode,V1,Password.svc/V1/ValidateVerificationCode,parsed_list_data,POST
V1,register_device,,Device,Register,V1,Device/V1/Register,parsed_key_results,POST
V1,cancel_email_request,,UpdateEmail.svc,CancelEmailRequest,V1,UpdateEmail.svc/V1/CancelEmailRequest,parsed_data,GET
V1,confirm_update_email,,UpdateEmail.svc,ConfirmUpdateEmail,V1,UpdateEmail.svc/V1/ConfirmUpdateEmail,parsed_data,GET
V1,update_email_request,,UpdateEmail.svc,Confirm,V1,UpdateEmail.svc/V1/Confirm,parsed_data,POST
V1,request_change_email,,UpdateEmail.svc,Request,V1,UpdateEmail.svc/V1/Request,parsed_data,POST
V1,email_by_token,,Login.svc,EmailByToken,V1,Login.svc/V1/EmailByToken,parsed_key_results,GET
V1,send_verification_email_for_vip,,Password.svc,VerificationCodeVVIP,V1,Password.svc/V1/VerificationCodeVVIP,parsed_data,POST
V1,register_by_number,,Registeration,RegisterByMSISDN,V1,Registeration/V1/RegisterByMSISDN,parsed_key_results,POST
V1,check_credentials,,Check,Credentials,V1,Check/V1/Credentials,parsed_key_result3,POST
V1,number_by_imsi,,Check,MSISDNByIMSI,V1,Check/V1/MSISDNByIMSI,parsed_key_result3,GET
V1,login_by_otp,,Login,LoginByMsisdnUsingOTP,V1,Login/V1/LoginByMsisdnUsingOTP,parsed_user_data,POST
V1,generate_number_email,,Registeration,GenerateEmailByMSISDN,V1,Registeration/V1/GenerateEmailByMSISDN,parsed_key_result3,GET
V1,register_and_login,,Login,RegisterAndLogin,V1,Login/V1/RegisterAndLogin,parsed_key_result3,POST
V1,activate_sim,bookingcode;SIMnumber,SIM,ActivationSIM,V1,SIM/V1/ActivationSIM,parsed_data,GET
V1,deactivate_sim,MSISDN;reason,SIM,DeactivateSIM,V1,SIM/V1/DeactivateSIM,parsed_key_results,POST
V1,is_activated,bookingcode,SIM,IsActivated,V1,SIM/V1/IsActivated,parsed_key_results,GET
V1,reactivate_account,email;msisdn,SIM,ReactivateAccount,V1,SIM/V1/ReactivateAccount,parsed_key_results,GET
V1,lost_sim_payment,MSISDN;reason;CVV,SIM,LostSimOnlinePayment,V1,SIM/V1/LostSimOnlinePayment,,GET
V1,block_unblock_sim,MSISDN;block,SimReplacment,BlockSIM,V1,SimReplacment/V1/BlockSIM,parsed_key_result3,POST
V1,replace_sim_summary,MSISDN;isIntoEsim,SimReplacment,Summary,V1,SimReplacment/V1/Summary,parsed_key_result3,GET
V1,pay_replace_sim,MSISDN;CVV;isIntoEsim;PaymentMethodId,SimReplacment,Payment,V1,SimReplacment/V1/Payment,,POST
V1,activate_replaced_sim,MSISDN,SimReplacment,Activation,V1,SimReplacment/V1/Activation,parsed_key_result3,POST
V1,request_otp,MSISDN,SimReplacment,RequestOTP,V2,SimReplacment/V2/RequestOTP,parsed_key_result3,POST
V1,self,,,,,,,
V1,self,,,,,,,
V1,self,,,,,,,
V1,storefront_categories,"""msisdn""",StoreFront,Categories,V1,StoreFront/V1/Categories,parsed_key_result3,GET
V1,storefront_home_page_cards,,StoreFront,HomePageCards,V1,StoreFront/V1/HomePageCards,parsed_key_result3,GET
V1,prepaid_plans,,StoreFront,PrepaidPlans,V1,StoreFront/V1/PrepaidPlans,parsed_key_result3,GET
V1,storefront_change_plan_cards,"""msisdn""",StoreFront,ChangePlanCards,V1,StoreFront/V1/ChangePlanCards,parsed_key_result3,GET
V1,storefront_sub_categories,"""id"";""msisdn""",StoreFront,GetSubCategoryById,V1,StoreFront/V1/GetSubCategoryById,parsed_key_result3,GET
V1,storefront_postpiad_plan_suggestion,,StoreFront,postpaidplans,V1,StoreFront/V1/postpaidplans,parsed_key_result3,GET
V1,submit_survey,email;surveyType;answer,Survey.svc,SubmitRespondentAnswer,V1,Survey.svc/V1/SubmitRespondentAnswer,parsed_key_results,GET
V1,payment_alternatives,,,,,,,
V1,terminate_account,,Termination.svc,Terminate,V1,Termination.svc/V1/Terminate,parsed_key_results,GET
V1,terminate_reason,email;reason,Termination.svc,Reason,V1,Termination.svc/V1/Reason,parsed_key_results,POST
V1,schedule_account_termination,,Termination.svc,Schedule,V1,Termination.svc/V1/Schedule,parsed_key_results,POST
V1,cancel,,Termination.svc,Cancel,V1,Termination.svc/V1/Cancel,parsed_key_results,POST
V1,reactivate_account,email,Activation.svc,ReactivateAccount,V1,Activation.svc/V1/ReactivateAccount,parsed_key_results,GET
V1,ocr_data,IDNumber;IDType;LastName;FirstName;SecondName;ThirdName;DateOfBirth;ExpiryDate;Gender;NationalityID;NationalityName;PACINumber;ContactNumber,UserIdentity,OCRData,V1,UserIdentity/V1/OCRData,parsed_key_result3,POST
V1,ocr_image,,UserIdentity,OCRImages,V1,UserIdentity/V1/OCRImages,parsed_key_result3,POST
V1,ocr_signature,,UserIdentity,Signature,V1,UserIdentity/V1/Signature,parsed_key_result3,POST
V1,check_eligability,,UserIdentity,CheckEligiiblityStatus,V1,UserIdentity/V1/CheckEligiiblityStatus,parsed_key_result3,GET
V1,getGovernoratesAreas,,UserIdentity,GetGovernoratesAreas,V1,UserIdentity/V1/GetGovernoratesAreas,parsed_key_result3,GET
V1,submitAddress,GovernorateID;AreaID;Area;Block;Street;Building;Floor;Direction,UserIdentity,SubmitAddress,V1,UserIdentity/V1/SubmitAddress,parsed_key_result3,POST
V1,ocr_customer_image,ImageType,UserIdentity,UploadCustomerImage,V1,UserIdentity/V1/UploadCustomerImage,parsed_key_result3,POST
V1,call,,VideoVerification.svc,GetVideoVerificationQueueID,V1,VideoVerification.svc/V1/GetVideoVerificationQueueID,parsed_key_results,GET
V1,get_plans_and_pricing_table,,WebSiteAPIs.svc,GetPlansAndPricingTable,V1,WebSiteAPIs.svc/V1/GetPlansAndPricingTable,parsed_key_results,GET
V1,send_direct_link,phoneNumber,,,,,parsed_key_results,GET
V10,change,MSISDN;newID;PromotionCodes,Change.svc,Plan,V3,Change.svc/V3/Plan,parsed_key_results,POST
V10,post_saved_plans,selectedSubscriptionTypeIDs;PromotionCodes;productCode,Plans.svc,SaveSelected,V4,Plans.svc/V4/SaveSelected,parsed_key_results,POST
V10,is_upgrade_plan,DistinationPlanIds;MSISDN;ProductCode,Change,IsUpgradePlan,V3,Change/V3/IsUpgradePlan,parsed_key_results,GET
V10,plan_upgrade_cost,DistinationPlanIds;MSISDN;ProductCode,Change,PlanUpgradeCost,V3,Change/V3/PlanUpgradeCost,parsed_key_results,GET
V10,upgrade,DistinationPlanIds;MSISDN;PromotionCodes;productCode,Change,UpgradePlan,V3,Change/V3/UpgradePlan,parsed_key_results,POST
V11,check_eligibility,,CheckEligibility,CheckEligibility,v2,CheckEligibility/v2/CheckEligibility,parsed_key_results,POST
V11,get_marital_statuses_and_genders,,CheckEligibility,MaritalStatusesAndGenders,v2,CheckEligibility/v2/MaritalStatusesAndGenders,parsed_key_results,GET
V11,get_sim_delivery_option,,CheckEligibility,SimDeliveryOptionsbyID,V2,CheckEligibility/V2/SimDeliveryOptionsbyID,parsed_key_results,GET
V11,save_selected_plan,selectedSubscriptionTypeIDs;PromotionCodes;ProductCode;Is5G,Family,SaveSelectedPlan,V3,Family/V3/SaveSelectedPlan,parsed_key_results2,POST
V11,offers_list,MSISDN;Is5G,FamilyOffers,List,V1,FamilyOffers/V1/List,parsed_key_result3,GET
V11,submit_customer_contact,Name;ContactNumber;OTP,Activation,SubmitCustomerContact,V3,Activation/V3/SubmitCustomerContact,parsed_key_results,POST
V11,list,MSISDN;Is5G,Offers,List,V1,Offers/V1/List,parsed_key_result3,GET
V11,post_saved_plans,selectedSubscriptionTypeIDs;PromotionCodes;productCode;Is5G,Plans.svc,SaveSelected,V5,Plans.svc/V5/SaveSelected,parsed_key_results,POST
V11,clear_plans,,Plans.svc,ClearSelectionPlan,V5,Plans.svc/V5/ClearSelectionPlan,parsed_key_results,POST
V11,register_device,Token,Device,Register,V3,Device/V3/Register,parsed_key_result3,POST
V11,block_unblock_sim,MSISDN;block;OTP,SimReplacment,BlockSIM,V2,SimReplacment/V2/BlockSIM,parsed_key_result3,POST
V12,offers_list,MSISDN;productCodes,FamilyOffers,List,V2,FamilyOffers/V2/List,parsed_key_result3,GET
V12,all_countries_rate,isoCodes,International,CountriesRates,V4,International/V4/CountriesRates,,GET
V12,countries_for_zero_rates,isoCodes,International,CountriesForZeroRates,V4,International/V4/CountriesForZeroRates,,GET
V12,check_submit,CivilID;IsUpdate,PACI,CheckAndSubmitPACI,V1,PACI/V1/CheckAndSubmitPACI,parsed_key_result3,GET
V12,ocr_data,IDNumber;IDType;LastName;FirstName;SecondName;ThirdName;DateOfBirth;ExpiryDate;Gender;NationalityID;NationalityName;PACINumber;ContactNumber;IsUpdate,UserIdentity,OCRData,V1,UserIdentity/V1/OCRData,parsed_key_result3,POST
V13,is_eligible_for_postpaid,MSISDN;PPLCode;FirstName;LastName;DateOfBirth;MaritalStatus;Gender;Residence;Nationality;PhoneNumber,FamilyCheckEligibility,IsEligibleForPostpaid,V1,FamilyCheckEligibility/V1/IsEligibleForPostpaid,parsed_key_result3,POST
V13,get_cart,UIProcess;deliveryMethod,FamilyCart,Summary,V4,FamilyCart/V4/Summary,parsed_key_result3,GET
V13,list,MSISDN;productCodes,Offers,List,v2,Offers/v2/List,parsed_key_result3,GET
V13,available_current_plans,MSISDN;IncludeExpiredPromo;isIncludePromotion,Available,Current,V5,Available/V5/Current,parsed_key_result3,GET
V13,summary,deliveryMethod;isIncludePromotion,plans,confirmation,v6,plans/v6/confirmation,parsed_key_results,GET
V13,out_of_bundle_plans,MSISDN;IncludeExpiredPromo;isIncludePromotion,Available,OutOfBundlePlan,V5,Available/V5/OutOfBundlePlan,parsed_key_result3,GET
V14,get_token,Category,activation,token,v3,activation/v3/token,parsed_key_results,GET
V14,post_token,Token;CreationDate;Category,activation,token,v3,activation/v3/token,parsed_key_results,POST
V14,request_absher,Category,Activation,RequestAbsher,V3,Activation/V3/RequestAbsher,parsed_key_results,POST
V14,check_absher_status,Category,Activation,AbsherCheckStatus,V3,Activation/V3/AbsherCheckStatus,parsed_key_results,POST
V14,manual_retry_activation,,activation,ManualRetryActivation,v3,activation/v3/ManualRetryActivation,parsed_data,POST
V14,confirm,MSISDN;OTP;ReasonId;IBAN;ContactNumber;PrimaryNumber,Deactivation,Confirm,v2,Deactivation/v2/Confirm,parsed_key_result3,POST
V15,confirm_commit_reservation,,CreditCard,ConfirmRegistrationPayFort,v2,CreditCard/v2/ConfirmRegistrationPayFort,parsed_data,POST
V15,pay_onboarding_with_top_up,ALIAS;CustomerName;CVV;SaveCard;AutoTopup,CreditCard,PayOnboarding,v2,CreditCard/v2/PayOnboarding,parsed_key_result3,POST
V15,register_and_pay_apple,apple_data;apple_signature;apple_transactionId;apple_ephemeralPublicKey;apple_publicKeyHash;apple_displayName;apple_network;apple_type;Apple_ApplicationData;paymentOperation,CreditCard,RegisterAndPayApple,v2,CreditCard/v2/RegisterAndPayApple,parsed_data,POST
V15,retry_confirm_registration_payfort,,CreditCard,RetryConfirmRegistrationPayFort,v2,CreditCard/v2/RetryConfirmRegistrationPayFort,parsed_data,POST
V15,cancel_onboarding,,CreditCard,CancelOnboarding,v1,CreditCard/v1/CancelOnboarding,parsed_data,POST
V2,modules,IncludeCustomerData,Activation,Modules,V2,Activation/V2/Modules,parsed_key_results,GET
V2,send_activation_otp,MSISDN,Activation,SendActivationOTP,V3,Activation/V3/SendActivationOTP,parsed_key_results,POST
V2,available,MSISDN,Ads,Available,V2,Ads/V2/Available,parsed_key_result3,GET
V2,consume,MSISDN;UID,Ads,Consume,V2,Ads/V2/Consume,parsed_key_result3,POST
V2,get_auto_topup,MSISDN,AutoRechargeDetails,AutoRechargeDetails,V2,AutoRechargeDetails/V2/AutoRechargeDetails,parsed_key_result3,GET
V2,set_auto_recharge,Amount;MSISDN;AutoRechargeStatus;TopUpPlanAmount;PaymentMethodId;minimumRechargeBalance,AutoRechargeDetails.svc,AutoRechargeDetails,V2,AutoRechargeDetails.svc/V2/AutoRechargeDetails,parsed_key_result3,POST
V2,one_off_with_cvv,MSISDN;CVV;amount;PaymentMethodId,AccountBalance,RechargeOnlinePayment,V2,AccountBalance/V2/RechargeOnlinePayment,,POST
V2,one_off,MSISDN;amount;PaymentMethodId,AccountBalance,Recharge,V2,AccountBalance/V2/Recharge,parsed_key_result3,POST
V2,schedule_recharge,MSISDN;amount;PaymentMethodId,AutoRechargeDetails,ScheduleRecharge,V2,AutoRechargeDetails/V2/ScheduleRecharge,parsed_key_result3,POST
V2,available_denominations,MSISDN,AutoRechargeDetails,AvailableTopupDenominations,V3,AutoRechargeDetails/V3/AvailableTopupDenominations,parsed_key_result3,GET
V2,get,,Boosters.svc,GetBoosters,V2,Boosters.svc/V2/GetBoosters,,GET
V2,get_by_plan_ids,,Boosters.svc,GetBoosterByIDs,V2,Boosters.svc/V2/GetBoosterByIDs,parsed_key_results,GET
V2,subscribe,MSISDN;planID,Boosters.svc,SubscribeBooster,V2,Boosters.svc/V2/SubscribeBooster,parsed_key_results,GET
V2,recommended,MSISDN;serviceTypes,Boosters.svc,GetRecommendedBooster,V2,Boosters.svc/V2/GetRecommendedBooster,,GET
V2,upselling,MSISDN,Boosters.svc,GetUpSellingBooster,V2,Boosters.svc/V2/GetUpSellingBooster,,GET
V2,categories,MSISDN,WebComplaint,GetCategoires,V2,WebComplaint/V2/GetCategoires,parsed_key_result3,GET
V2,request_credit_transfer,,CreditTransfer,Verification,V1,CreditTransfer/V1/Verification,parsed_key_results,POST
V2,submit_credit_transfer,,CreditTransfer,Transfer,V1,CreditTransfer/V1/Transfer,parsed_key_results,POST
V2,create,#     longitude;#     latitude;#     mobileNumber;#     navigationInstruction;#     customerName,ConfirmDelivery.svc,ConfirmDeliverSIMNow,V2,ConfirmDelivery.svc/V2/ConfirmDeliverSIMNow,parsed_key_results,GET
V2,destroy,reason,ConfirmDelivery.svc,ConfirmDeliverSIMNowCancellation,V2,ConfirmDelivery.svc/V2/ConfirmDeliverSIMNowCancellation,parsed_key_results,GET
V2,eta,longitude;latitude,DeliveryInformation.svc,GetETAforDeliverSIMNow,V2,DeliveryInformation.svc/V2/GetETAforDeliverSIMNow,parsed_key_results,GET
V2,sim_tracking,,DeliveryInformation.svc,GetDeliverSIMTripTracking,V2,DeliveryInformation.svc/V2/GetDeliverSIMTripTracking,parsed_key_results,GET
V2,stores,,,,,,,
V2,cancellation_reasons,,,,,,,
V2,initial_reservation,MSISDN;Email;process,Family,ReserveNumber,V2,Family/V2/ReserveNumber,parsed_list_data,POST
V2,register,,Family,Register,V1,Family/V1/Register,parsed_data,POST
V2,random_reservation,Email;process,Family,RandomNumber,V2,Family/V2/RandomNumber,parsed_key_results,POST
V2,get_cart,UIProcess,FamilyCart,Summary,V2,FamilyCart/V2/Summary,parsed_key_results,GET
V2,iot_devices_price_list,,Family,IoTDevicesPricingList,V2,Family/V2/IoTDevicesPricingList,parsed_response,GET
V2,pay,;,FamilyPayment,SubmitFamilyTransOnlinePayment,V2,FamilyPayment/V2/SubmitFamilyTransOnlinePayment,,POST
V2,remove_all_bookings,,Family,RemoveAllBookings,V1,Family/V1/RemoveAllBookings,parsed_key_results,POST
V2,pending_reservations,process,FamilyCart,PendingReservation,V2,FamilyCart/V2/PendingReservation,parsed_list_data,GET
V2,get_attach_sim,MSISDN,Activation,SIM,V2,Activation/V2/SIM,parsed_key_results,GET
V2,post_attach_sim,MSISDN;IsESIM;IMSI,Activation,SIM,V2,Activation/V2/SIM,parsed_key_results,POST
V2,submit_ticket,description;code,FAQ.svc,CreateTroubleTicket,V2,FAQ.svc/V2/CreateTroubleTicket,parsed_key_results,GET
V2,report_coverage,locationType;problemDescription;longitude;latitude,FAQ.svc,ReportCoverageIssue,V2,FAQ.svc/V2/ReportCoverageIssue,parsed_key_results,GET
V2,payments,fromDate;toDate;MSISDN,PaymentHistory,Transactions,V2,PaymentHistory/V2/Transactions,parsed_key_result3,GET
V2,pdf,fromDate;toDate;MSISDN,PaymentHistory,PDF,V2,PaymentHistory/V2/PDF,parsed_key_result3,POST
V2,spending_limit,MSISDN,RechargeAccountBalance.svc,GetSpendinglimit,V2,RechargeAccountBalance.svc/V2/GetSpendinglimit,parsed_key_results,GET
V2,set_spending_limit,MSISDN;Spendlimitvalue,RechargeAccountBalance.svc,SetSpendinglimit,V2,RechargeAccountBalance.svc/V2/SetSpendinglimit,parsed_key_results,GET
V2,usage_history_summary,,,,,,,
V2,auto_recharge,MSISDN,AutoRechargeDetails.svc,GetAutoRechargeDetails,V2,AutoRechargeDetails.svc/V2/GetAutoRechargeDetails,parsed_key_results,GET
V2,set_auto_recharge,Amount;MSISDN;minimumRechargeBalance;AutoRechargeStatus,AutoRechargeDetails.svc,SetAutoRechargeDetails,V2,AutoRechargeDetails.svc/V2/SetAutoRechargeDetails,parsed_key_results,GET
V2,current_balance,MSISDN,GetCurrentBalance.svc,GetCurrentBalance,V2,GetCurrentBalance.svc/V2/GetCurrentBalance,parsed_key_results,GET
V2,payment_history,MSISDN;fromDate;toDate,PaymentHistory.svc,GetPaymentTransactionsHistory,V2,PaymentHistory.svc/V2/GetPaymentTransactionsHistory,parsed_key_results,GET
V2,recharge_account,MSISDN;amount,RechargeAccountBalance.svc,RechargeBalance,V2,RechargeAccountBalance.svc/V2/RechargeBalance,parsed_key_results,GET
V2,usage_history_summary_daily,planTypes;MSISDN;filterId,UsageHistory,DailySummary,V2,UsageHistory/V2/DailySummary,,GET
V2,usage_history_summary_details,planTypes;MSISDN;filterId,UsageHistory,Details,V2,UsageHistory/V2/Details,,GET
V2,random,,GetBookedNumbers.svc,GetRandomNumberForMNP,V2,GetBookedNumbers.svc/V2/GetRandomNumberForMNP,parsed_key_results,GET
V2,reserve,externalNumber;lang;operatorId,ReserveNumbers.svc,ReserveRandomForMNP,V2,ReserveNumbers.svc/V2/ReserveRandomForMNP,parsed_list_data,GET
V2,initial_booking_numbers,,Booked,initial,V2,Booked/V2/initial,parsed_list_data,GET
V2,numbers_based_on_reservation,reservationTypes,Booked,Reservation,V2,Booked/V2/Reservation,parsed_list_data,GET
V2,cancel_initial_reservation,,Reservation,Cancel,V2,Reservation/V2/Cancel,,POST
V2,initial_reservation,,Numbers,Reservation,V2,Numbers/V2/Reservation,parsed_list_data,POST
V2,commited_booking_numbers,,Booked,Commited,V2,Booked/V2/Commited,parsed_list_data,GET
V2,commit_reservation,,,,,,,
V2,_commit_reservation,,CommitReservation.svc,CommitReservation,V1,CommitReservation.svc/V1/CommitReservation,,GET
V2,_commit_reservation_mnp,;;,CommitReservation.svc,commitReservationForMNP,V1,CommitReservation.svc/V1/commitReservationForMNP,,GET
V2,mnp_number,,,,,,,
V2,search,searchPattern;pageNumber;pageSize;MNCCode,GetNumbers.svc,SearchNumber,V2,GetNumbers.svc/V2/SearchNumber,parsed_search_data,GET
V2,get_available_pack,MSISDN;producCodes;ServiceTypes;packType;filter;sort,Available,AvailablePacks,V5,Available/V5/AvailablePacks,parsed_key_result3,GET
V2,subscribe_pack,MSISDN;packCode;AutoRenew,Plans,PackSubscribe,V3,Plans/V3/PackSubscribe,parsed_key_result3,POST
V2,set_password,,Password,Set,V2,Password/V2/Set,parsed_data_status,POST
V2,reset_password_otp,,Password,ResetPasswordOTP,V2,Password/V2/ResetPasswordOTP,parsed_data,POST
V2,validate_verification_code,,Password.svc,ValidateVerificationCode,V1,Password.svc/V1/ValidateVerificationCode,parsed_list_data,POST
V2,get_payment,,RegisterCCWVerify.svc,CheckPaymentStatusWithConfirmRegisterCC,V1,RegisterCCWVerify.svc/V1/CheckPaymentStatusWithConfirmRegisterCC,parsed_key_results,GET
V2,get_available_roaming_data_plans,,RoamingPlans.svc,GetRoamingDataPlans,V2,RoamingPlans.svc/V2/GetRoamingDataPlans,parsed_key_results,GET
V2,available_plans,serviceTypes,GetPlans.svc,GetAvailablePlans,V2,GetPlans.svc/V2/GetAvailablePlans,parsed_list_data,GET
V2,current_plans,,GetPlans.svc,GetCurrentPlans,V2,GetPlans.svc/V2/GetCurrentPlans,parsed_list_data,GET
V2,subscribe,MSISDN;ID,SubscribePlans.svc,Subscribe,V2,SubscribePlans.svc/V2/Subscribe,parsed_key_results,GET
V2,unsubscribe,MSISDN;ID,SubscribePlans.svc,Unsubscribe,V2,SubscribePlans.svc/V2/Unsubscribe,parsed_data,GET
V2,change,MSISDN;newID,SubscribePlans.svc,ChangePlan,V2,SubscribePlans.svc/V2/ChangePlan,parsed_key_results,GET
V2,package_price,MSISDN;subscriptionTypeIDs,GetPlans.svc,GetPackagePrice,V2,GetPlans.svc/V2/GetPackagePrice,parsed_key_results,GET
V2,available_and_bundles,MSISDN;serviceTypes,GetPlans.svc,GetAvailablePlansWithBundles,V2,GetPlans.svc/V2/GetAvailablePlansWithBundles,parsed_key_results,GET
V2,get_current_roaming_plans,MSISDN,RoamingPlans.svc,GetCurrentRoamingDataPlans,V2,RoamingPlans.svc/V2/GetCurrentRoamingDataPlans,parsed_key_results,GET
V2,get_available_plans_by_product_code,productCodes;serviceTypes;includeVanityPlan;MSISDN;isIncludePromotion,Available,AvailablePlansByProductCode,v4,Available/v4/AvailablePlansByProductCode,parsed_key_result3,GET
V2,get_predefined_bundles,productCodes;MSISDN;isIncludePromotion,PreDefined.svc,PreDefined,V2,PreDefined.svc/V2/PreDefined,parsed_key_result3,GET
V2,redeem,promoCode;IDNumber,Promotion.svc,ValidateAndReservePromoCode,V2,Promotion.svc/V2/ValidateAndReservePromoCode,parsed_key_results,GET
V2,validate_reward,promoCode,Promotion.svc,ValidatePromoCode,V2,Promotion.svc/V2/ValidatePromoCode,parsed_key_results,GET
V2,redeem_reward,promoCode,Promotion.svc,RedeemPromoCode,V2,Promotion.svc/V2/RedeemPromoCode,parsed_key_results,GET
V2,check_code,MSISDN;is5g;Code,Promo,Check,V2,Promo/V2/Check,parsed_key_result3,GET
V2,profile,,Customer.svc,Profile,v3,Customer.svc/v3/Profile,parsed_user_data,GET
V2,block_unblock_sim,MSISDN;block;OTP,SimReplacment,BlockSIM,V2,SimReplacment/V2/BlockSIM,parsed_key_result3,POST
V3,sim_tracking,,DeliveryInformation.svc,GetDeliverSIMTripTracking,V3,DeliveryInformation.svc/V3/GetDeliverSIMTripTracking,parsed_key_results,GET
V3,pending_reservations,process,FamilyCart,PendingReservation,V3,FamilyCart/V3/PendingReservation,parsed_key_result3,GET
V3,get_cart,UIProcess,FamilyCart,Summary,V3,FamilyCart/V3/Summary,parsed_key_result3,GET
V3,pay,;,FamilyPayment,SubmitFamilyTransOnlinePayment,V3,FamilyPayment/V3/SubmitFamilyTransOnlinePayment,,POST
V3,confirm,,PaymentManagement,ConfirmOnlinePaymentTransaction,v3,PaymentManagement/v3/ConfirmOnlinePaymentTransaction,parsed_key_result3,POST
V3,flow_status,,Customer,FlowStatus,V3,Customer/V3/FlowStatus,parsed_key_results,GET
V3,family_flow_status,,Customer,FamilyFlowStatus,V3,Customer/V3/FamilyFlowStatus,parsed_key_results,GET
V3,is_password_set,,Customer,IsPasswordSet,V3,Customer/V3/IsPasswordSet,parsed_key_results,GET
V3,_filter_status,,,,,,,
V3,numbers_based_on_reservation,reservationTypes,Booked,Reservation,V3,Booked/V3/Reservation,parsed_list_data,GET
V3,next_renewal,MSISDN,GetPlans.svc,GetNextPlanRenewal,V3,GetPlans.svc/V3/GetNextPlanRenewal,parsed_key_results,GET
V3,package_pricing,MSISDN,GetPackagesPricing.svc,GetPackagesPricing,V1,GetPackagesPricing.svc/V1/GetPackagesPricing,parsed_key_results,GET
V3,change,MSISDN;newID,ChangePlans.svc,ChangePlan,V1,ChangePlans.svc/V1/ChangePlan,parsed_key_results,GET
V3,current_plans,,,,,,,
V3,latest_plans,,,,,,,
V3,is_eligible_for_doubling_data_offer,MSISDN,GetPlans.svc,IsEligibleForDoublingDataOffer,V4,GetPlans.svc/V4/IsEligibleForDoublingDataOffer,parsed_key_results,GET
V3,_current_plans,,GetPlans.svc,GetCurrentPlans,V3,GetPlans.svc/V3/GetCurrentPlans,parsed_key_results,GET
V3,get_predefined_bundles,productCodes;MSISDN;isIncludePromotion;PromotionCodes,PreDefined.svc,PreDefined,V3,PreDefined.svc/V3/PreDefined,parsed_key_result3,GET
V3,get_products_by_category,productAttribute,Products,GetProductsByCategory,V1,Products/V1/GetProductsByCategory,parsed_key_result3,GET
V3,redeem,promoCode,Promotion.svc,ValidateAndReservePromoCode,V3,Promotion.svc/V3/ValidateAndReservePromoCode,parsed_key_results,GET
V3,validate_reward,promoCode,Promotion.svc,ValidatePromoCode,V3,Promotion.svc/V3/ValidatePromoCode,parsed_key_results,GET
V4,pay,;;PaymentMethodId,FamilyPayment,SubmitFamilyTransOnlinePayment,V4,FamilyPayment/V4/SubmitFamilyTransOnlinePayment,,POST
V4,predfined_bundles,MSISDN,,,,,,
V4,usage_history_summary,planTypes;MSISDN;filterId,GetUsageHistory.svc,GetUsageHistorySummary,V4,GetUsageHistory.svc/V4/GetUsageHistorySummary,,GET
V4,next_renewal,MSISDN,GetPlans.svc,GetNextPlanRenewal,V4,GetPlans.svc/V4/GetNextPlanRenewal,parsed_key_results,GET
V4,available_plans,serviceTypes,GetPlans.svc,GetAvailablePlans,V4,GetPlans.svc/V4/GetAvailablePlans,,GET
V4,get_saved_plans,,SaveSelectedPlans.svc,GetSavedPlans,V3,SaveSelectedPlans.svc/V3/GetSavedPlans,,GET
V4,available_and_bundles,MSISDN;serviceTypes,GetPlans.svc,GetAvailablePlansWithBundles,V4,GetPlans.svc/V4/GetAvailablePlansWithBundles,,GET
V4,get_current_roaming_plans,MSISDN,RoamingPlans.svc,GetCurrentRoamingDataPlans,V3,RoamingPlans.svc/V3/GetCurrentRoamingDataPlans,,GET
V4,get_available_roaming_data_plans,,RoamingPlans.svc,GetRoamingDataPlans,V3,RoamingPlans.svc/V3/GetRoamingDataPlans,,GET
V4,_current_plans,,GetPlans.svc,GetCurrentPlans,V4,GetPlans.svc/V4/GetCurrentPlans,,GET
V5,predfined_bundles,MSISDN,,,,,,
V5,flow_status,,GetUserProfile.svc,GetFlowStatus,V3,GetUserProfile.svc/V3/GetFlowStatus,parsed_key_results,GET
V6,spending_limit,MSISDN,RechargeAccountBalance.svc,GetSpendinglimit,V3,RechargeAccountBalance.svc/V3/GetSpendinglimit,parsed_key_results,GET
V6,recharge_account,MSISDN;amount,RechargeAccountBalance.svc,RechargeBalance,V3,RechargeAccountBalance.svc/V3/RechargeBalance,parsed_key_results,GET
V6,flow_status,,GetUserProfile.svc,GetFlowStatus,V2,GetUserProfile.svc/V2/GetFlowStatus,parsed_key_results,GET
V6,predfined_bundles,MSISDN,,,,,,
V6,set_spending_limit,MSISDN;Spendlimitvalue,RechargeAccountBalance.svc,SetSpendinglimit,V3,RechargeAccountBalance.svc/V3/SetSpendinglimit,parsed_key_results,GET
V6,change_number_fees,,GetLookUps.svc,GetChangeNumberFees,V2,GetLookUps.svc/V2/GetChangeNumberFees,parsed_key_results,GET
V6,credit_card,,RegisterCCWVerify.svc,GetCreditCardInfo,V2,RegisterCCWVerify.svc/V2/GetCreditCardInfo,parsed_key_results,GET
V6,scheduled_actions,,GetScheduledActions.svc,GetScheduledActions,V2,GetScheduledActions.svc/V2/GetScheduledActions,parsed_key_results,GET
V6,usage_history_summary,planTypes;MSISDN;filterId,GetUsageHistory.svc,GetUsageHistorySummary,V5,GetUsageHistory.svc/V5/GetUsageHistorySummary,,GET
V6,payment_history,MSISDN;fromDate;toDate,PaymentHistory.svc,GetPaymentTransactionsHistory,V4,PaymentHistory.svc/V4/GetPaymentTransactionsHistory,,GET
V6,_filter_status,,,,,,,
V6,_find_key,,,,,,,
V6,_is_actived,,,,,,,
V7,get,,Boosters.svc,GetBoosters,V3,Boosters.svc/V3/GetBoosters,,GET
V7,get_by_plan_ids,,Boosters.svc,GetBoosterByIDs,V3,Boosters.svc/V3/GetBoosterByIDs,parsed_key_results,GET
V7,subscribe,MSISDN;planID,Boosters.svc,SubscribeBooster,V3,Boosters.svc/V3/SubscribeBooster,parsed_key_results,GET
V7,recommended,MSISDN;serviceTypes,Boosters.svc,GetRecommendedBooster,V3,Boosters.svc/V3/GetRecommendedBooster,,GET
V7,upselling,MSISDN,Boosters.svc,GetUpSellingBooster,V3,Boosters.svc/V3/GetUpSellingBooster,,GET
V7,booster_status,,Boosters.svc,ServiceTypesLowBalanceLevels,V3,Boosters.svc/V3/ServiceTypesLowBalanceLevels,parsed_key_results,GET
V7,promotions,MSISDN,Customer.svc,GetCustomerPromotions,V2,Customer.svc/V2/GetCustomerPromotions,parsed_key_results,GET
V7,lines_by_customer_id,MSISDN,CustomerProduct,LinesByCustomerId,V2,CustomerProduct/V2/LinesByCustomerId,parsed_key_result3,GET
V7,create,#     longitude;#     latitude;#     mobileNumber;#     navigationInstruction;#     customerName,ConfirmDelivery.svc,ConfirmDeliverSIMNow,V3,ConfirmDelivery.svc/V3/ConfirmDeliverSIMNow,parsed_key_results,GET
V7,flow_status,,Customer,FlowStatus,V4,Customer/V4/FlowStatus,parsed_key_results,GET
V7,random,,GetBookedNumbers.svc,GetRandomNumberForMNP,V3,GetBookedNumbers.svc/V3/GetRandomNumberForMNP,parsed_key_results,GET
V7,reserve,externalNumber;lang;operatorId,ReserveNumbers.svc,ReserveRandomForMNP,V3,ReserveNumbers.svc/V3/ReserveRandomForMNP,parsed_list_data,GET
V7,remove_cc,,RegisterCCWVerify.svc,RemoveCreditCard,V2,RegisterCCWVerify.svc/V2/RemoveCreditCard,parsed_key_results,GET
V7,reserve_number_without_check,,ReserveNumbersWithoutCheck.svc,ReservationWithoutCheck,V2,ReserveNumbersWithoutCheck.svc/V2/ReservationWithoutCheck,parse_results_as_it_is,GET
V7,initial_reservation,,ReserveNumbers.svc,Reservation,V3,ReserveNumbers.svc/V3/Reservation,parsed_list_data,GET
V7,random_reservation,,ReserveNumbers.svc,ReservRandomNumber,V3,ReserveNumbers.svc/V3/ReservRandomNumber,parse_results_as_it_is,GET
V7,is_eligible,"""ALIAS"";""fortResponse""",RegisterCCWVerify.svc,CheckCCEligibility,V2,RegisterCCWVerify.svc/V2/CheckCCEligibility,parsed_key_results,GET
V7,register_alias,,RegisterCCWVerify.svc,RegisterCCWVerifyPayFort,V2,RegisterCCWVerify.svc/V2/RegisterCCWVerifyPayFort,,GET
V7,confirm_commit_reservation,,RegisterCCWVerify.svc,ConfirmRegisterCCWVerifyPayFort,V2,RegisterCCWVerify.svc/V2/ConfirmRegisterCCWVerifyPayFort,parsed_data,GET
V7,commit_reservation,,,,,,,
V7,_commit_reservation,,CommitReservation.svc,CommitReservation,V2,CommitReservation.svc/V2/CommitReservation,,GET
V7,_commit_reservation_mnp,;;,CommitReservation.svc,commitReservationForMNP,V2,CommitReservation.svc/V2/commitReservationForMNP,,GET
V7,numbers_based_on_reservation,reservationTypes,GetBookedNumbers.svc,GetMyNumbers,V3,GetBookedNumbers.svc/V3/GetMyNumbers,parsed_list_data,GET
V7,initial_booking_numbers,,GetBookedNumbers.svc,GetUserInitialBookingNumbers,V3,GetBookedNumbers.svc/V3/GetUserInitialBookingNumbers,parsed_list_data,GET
V7,commited_booking_numbers,,GetBookedNumbers.svc,GetUserCommitedBookingNumbers,V3,GetBookedNumbers.svc/V3/GetUserCommitedBookingNumbers,parsed_list_data,GET
V7,mnp_number,,,,,,,
V7,confirm,,PaymentManagement.svc,ConfirmOnlinePaymentTransaction,V2,PaymentManagement.svc/V2/ConfirmOnlinePaymentTransaction,parsed_data,GET
V7,plan,MSISDN;transactionType;CVV,PaymentManagement.svc,SubmitPlanTransactionOnlinePayment,V2,PaymentManagement.svc/V2/SubmitPlanTransactionOnlinePayment,,GET
V7,plan_with_alias,ALIAS;CVV;customerName,RegisterCCWVerify.svc,PayForPlansWithCCRegistration,V2,RegisterCCWVerify.svc/V2/PayForPlansWithCCRegistration,,GET
V7,recharge,MSISDN;CVV;amount,RechargeAccountBalance.svc,RechargeBalanceOnlinePayment,V3,RechargeAccountBalance.svc/V3/RechargeBalanceOnlinePayment,,GET
V7,delivery_cancel,reason;CVV,ConfirmDelivery.svc,CancelDeliveryOnlinePayment,V3,ConfirmDelivery.svc/V3/CancelDeliveryOnlinePayment,,GET
V7,pending,,PaymentManagement.svc,GetPendingPayments,V2,PaymentManagement.svc/V2/GetPendingPayments,parsed_key_results,GET
V7,change,MSISDN;newID,ChangePlans.svc,ChangePlan,V2,ChangePlans.svc/V2/ChangePlan,parsed_key_results,GET
V7,subscribe,MSISDN;ID,SubscribePlans.svc,Subscribe,V3,SubscribePlans.svc/V3/Subscribe,parsed_key_results,GET
V7,unsubscribe,MSISDN;ID,SubscribePlans.svc,Unsubscribe,V3,SubscribePlans.svc/V3/Unsubscribe,parsed_data,GET
V7,package_pricing,MSISDN,GetPackagesPricing.svc,GetPackagesPricing,V2,GetPackagesPricing.svc/V2/GetPackagesPricing,parsed_key_results,GET
V7,get_current_roaming_plans,MSISDN,RoamingPlans.svc,GetCurrentRoamingDataPlans,V4,RoamingPlans.svc/V4/GetCurrentRoamingDataPlans,,GET
V7,get_available_roaming_data_plans,,RoamingPlans.svc,GetRoamingDataPlans,V4,RoamingPlans.svc/V4/GetRoamingDataPlans,,GET
V7,available_plans,serviceTypes,GetPlans.svc,GetAvailablePlans,V5,GetPlans.svc/V5/GetAvailablePlans,,GET
V7,available_and_bundles,MSISDN;serviceTypes,GetPlans.svc,GetAvailablePlansWithBundles,V5,GetPlans.svc/V5/GetAvailablePlansWithBundles,,GET
V7,current_plans,,,,,,,
V7,latest_plans,,,,,,,
V7,next_renewal,MSISDN,GetPlans.svc,GetNextPlanRenewal,V5,GetPlans.svc/V5/GetNextPlanRenewal,parsed_key_results,GET
V7,is_eligible_for_doubling_data_offer,MSISDN,GetPlans.svc,IsEligibleForDoublingDataOffer,V5,GetPlans.svc/V5/IsEligibleForDoublingDataOffer,parsed_key_results,GET
V7,package_price,MSISDN;subscriptionTypeIDs,GetPlans.svc,GetPackagePrice,V5,GetPlans.svc/V5/GetPackagePrice,parsed_key_results,GET
V7,get_saved_plans,,SaveSelectedPlans.svc,GetSavedPlans,V4,SaveSelectedPlans.svc/V4/GetSavedPlans,,GET
V7,post_saved_plans,selectedSubscriptionTypeIDs,SaveSelectedPlans.svc,SaveSelectedPlans,V4,SaveSelectedPlans.svc/V4/SaveSelectedPlans,parsed_data,GET
V7,recommended_plans,,GetPlans.svc,GetRecommendedPlans,V5,GetPlans.svc/V5/GetRecommendedPlans,,GET
V7,_current_plans,,GetPlans.svc,GetCurrentPlans,V5,GetPlans.svc/V5/GetCurrentPlans,,GET
V7,schedule_pause_plan,autoResumePlanDate,PlanPause.svc,SchedulePausePlan,V2,PlanPause.svc/V2/SchedulePausePlan,parsed_key_results,GET
V7,cancel_pause_plan,,PlanPause.svc,CancelSchedulePausePlan,V2,PlanPause.svc/V2/CancelSchedulePausePlan,parsed_key_results,GET
V7,resume_pause_plan,MSISDN;planIDs,PlanPause.svc,ResumePausedPlan,V2,PlanPause.svc/V2/ResumePausedPlan,parsed_key_results,GET
V7,validate_reward,promoCode,Promotion.svc,ValidatePromoCode,V4,Promotion.svc/V4/ValidatePromoCode,parsed_key_results,GET
V7,redeem_reward,promoCode,Promotion.svc,RedeemPromoCode,V4,Promotion.svc/V4/RedeemPromoCode,parsed_key_results,GET
V7,redeem,promoCode,Promotion.svc,ValidateAndReservePromoCode,V4,Promotion.svc/V4/ValidateAndReservePromoCode,parsed_key_results,GET
V7,profile,,Profile.svc,GetUserProfile,V2,Profile.svc/V2/GetUserProfile,parsed_user_data,GET
V7,login,,Login.svc,Login,V4,Login.svc/V4/Login,parsed_user_data,GET
V7,social_login,,Login.svc,SocialLogin,V4,Login.svc/V4/SocialLogin,parsed_user_data,GET
V7,send_verification_email_for_vip,,PasswordMGMT.svc,SendVerificationCodeForVVIPCustomer,V1,PasswordMGMT.svc/V1/SendVerificationCodeForVVIPCustomer,parsed_data,GET
V7,terminate_account,,Termination.svc,TerminationAccount,V2,Termination.svc/V2/TerminationAccount,parsed_key_results,GET
V7,terminate_reason,email;reason,Termination.svc,TerminationReason,V2,Termination.svc/V2/TerminationReason,parsed_key_results,GET
V7,schedule_account_termination,,Termination.svc,ScheduleAccountTermination,V2,Termination.svc/V2/ScheduleAccountTermination,parsed_key_results,GET
V7,cancel,,Termination.svc,CancelTermination,V2,Termination.svc/V2/CancelTermination,parsed_key_results,GET
V7,reactivate_account,email,Activation.svc,ReactivateAccount,V1,Activation.svc/V1/ReactivateAccount,parsed_key_results,GET
V8,recharge_by_voucher,MSISDN;voucherCode,RechargeByVoucher.svc,RechargeByVoucher,V2,RechargeByVoucher.svc/V2/RechargeByVoucher,parsed_key_result3,POST
V8,current_balance,MSISDN,GetCurrentBalance.svc,UserBalance,V3,GetCurrentBalance.svc/V3/UserBalance,parsed_key_results,GET
V8,user_payments_methods,MSISDN,CreditCard,UserPaymentMethods,V2,CreditCard/V2/UserPaymentMethods,parsed_key_result3,GET
V8,pay_family,Alias;CustomerName;CVV;process;SaveCard,FamilyPayment,PayFamily,V4,FamilyPayment/V4/PayFamily,parsed_key_result3,POST
V8,available_current_plans,MSISDN;IncludeExpiredPromo;isIncludePromotion,Available,Current,V4,Available/V4/Current,parsed_key_result3,GET
V8,register_device,Token,Device,Register,V2,Device/V2/Register,parsed_key_result3,POST
V9,summary,isIncludePromotion,plans,confirmation,V3,plans/V3/confirmation,parsed_key_results,GET
V9,login_by_otp,,Login,LoginByMsisdnUsingOTP,V1,Login/V1/LoginByMsisdnUsingOTP,parsed_key_result3,POST
V9,login_with_number,,Login.svc,LoginByMsisdn,V1,Login.svc/V1/LoginByMsisdn,parsed_key_result3,POST
V9,login,,Login.svc,Login,V1,Login.svc/V1/Login,parsed_key_result3,POST
V9,login_by_device_id,,Login.svc,DeviceID,V1,Login.svc/V1/DeviceID,parsed_key_result3,POST
V9,social_login,,Login.svc,Social,V2,Login.svc/V2/Social,parsed_key_result3,POST
V9,profile,,Customer.svc,Profile,v2,Customer.svc/v2/Profile,parsed_key_result3,GET
